timestamp,value
10:16:07.4,512
10:16:07.4,512
10:16:07.4,512
10:16:07.4,512
10:16:07.5,512
10:16:07.5,512
10:16:07.5,512
10:16:07.5,512
10:16:07.5,512
10:16:07.5,512
10:16:07.5,512
10:16:07.5,511
10:16:07.5,512
10:16:07.5,512
10:16:07.5,512
10:16:07.5,512
10:16:07.5,512
10:16:07.5,512
10:16:07.5,512
10:16:07.5,512
10:16:07.5,512
10:16:07.5,512
10:16:07.5,511
10:16:07.5,510
10:16:07.5,510
10:16:07.5,509
10:16:07.5,508
10:16:07.5,509
10:16:07.5,510
10:16:07.5,510
10:16:07.5,511
10:16:07.5,512
10:16:07.5,519
10:16:07.5,530
10:16:07.5,529
10:16:07.5,520
10:16:07.5,515
10:16:07.5,512
10:16:07.5,512
10:16:07.5,512
10:16:07.6,512
10:16:07.6,512
10:16:07.6,512
10:16:07.6,512
10:16:07.6,512
10:16:07.6,511
10:16:07.6,512
10:16:07.6,512
10:16:07.6,512
10:16:07.6,512
10:16:07.6,512
10:16:07.6,512
10:16:07.6,512
10:16:07.6,512
10:16:07.6,511
10:16:07.6,512
10:16:07.6,512
10:16:07.6,512
10:16:07.6,512
10:16:07.6,512
10:16:07.6,512
10:16:07.6,512
10:16:07.6,512
10:16:07.6,512
10:16:07.6,512
10:16:07.8,512
10:16:07.8,512
10:16:07.8,512
10:16:07.8,512
10:16:07.8,512
10:16:07.8,511
10:16:07.8,512
10:16:07.8,512
10:16:07.8,512
10:16:07.8,512
10:16:07.8,512
10:16:07.8,512
10:16:07.8,512
10:16:07.8,512
10:16:07.8,512
10:16:07.8,512
10:16:07.8,512
10:16:07.8,512
10:16:07.8,512
10:16:07.8,512
10:16:07.8,512
10:16:07.8,512
10:16:07.8,512
10:16:07.8,512
10:16:07.8,512
10:16:07.8,512
10:16:07.9,512
10:16:07.9,512
10:16:07.9,511
10:16:07.9,511
10:16:07.9,512
10:16:07.9,512
10:16:07.9,512
10:16:07.9,512
10:16:07.9,512
10:16:07.9,512
10:16:07.9,512
10:16:07.9,511
10:16:07.9,512
10:16:07.9,512
10:16:07.9,512
10:16:07.9,511
10:16:07.9,511
10:16:07.9,512
10:16:07.9,512
10:16:07.9,512
10:16:07.9,512
10:16:07.9,512
10:16:07.9,512
10:16:07.9,512
10:16:07.9,512
10:16:07.9,512
10:16:07.9,512
10:16:08.1,513
10:16:08.1,512
10:16:08.1,512
10:16:08.1,512
10:16:08.1,512
10:16:08.1,513
10:16:08.1,512
10:16:08.1,512
10:16:08.1,513
10:16:08.1,512
10:16:08.1,512
10:16:08.1,512
10:16:08.1,512
10:16:08.1,511
10:16:08.1,512
10:16:08.1,512
10:16:08.1,512
10:16:08.1,512
10:16:08.1,512
10:16:08.1,512
10:16:08.1,512
10:16:08.1,512
10:16:08.1,511
10:16:08.1,512
10:16:08.1,512
10:16:08.1,511
10:16:08.1,510
10:16:08.1,509
10:16:08.1,508
10:16:08.1,510
10:16:08.1,510
10:16:08.1,511
10:16:08.1,512
10:16:08.1,517
10:16:08.1,530
10:16:08.1,529
10:16:08.2,520
10:16:08.2,514
10:16:08.2,513
10:16:08.2,512
10:16:08.2,512
10:16:08.2,511
10:16:08.2,512
10:16:08.2,512
10:16:08.2,512
10:16:08.2,512
10:16:08.2,512
10:16:08.2,512
10:16:08.2,513
10:16:08.3,513
10:16:08.3,512
10:16:08.3,512
10:16:08.3,512
10:16:08.3,512
10:16:08.3,512
10:16:08.3,512
10:16:08.3,512
10:16:08.3,512
10:16:08.3,512
10:16:08.3,512
10:16:08.3,512
10:16:08.3,512
10:16:08.3,512
10:16:08.3,512
10:16:08.3,512
10:16:08.3,512
10:16:08.3,512
10:16:08.3,512
10:16:08.3,512
10:16:08.3,511
10:16:08.3,512
10:16:08.3,512
10:16:08.3,512
10:16:08.3,512
10:16:08.3,512
10:16:08.3,512
10:16:08.3,512
10:16:08.3,512
10:16:08.3,512
10:16:08.3,512
10:16:08.3,512
10:16:08.3,512
10:16:08.3,512
10:16:08.3,512
10:16:08.3,512
10:16:08.3,512
10:16:08.3,511
10:16:08.3,512
10:16:08.3,512
10:16:08.3,512
10:16:08.3,513
10:16:08.3,512
10:16:08.3,512
10:16:08.3,512
10:16:08.3,512
10:16:08.3,511
10:16:08.3,512
10:16:08.3,512
10:16:08.3,512
10:16:08.3,512
10:16:08.3,512
10:16:08.6,512
10:16:08.6,511
10:16:08.6,512
10:16:08.6,511
10:16:08.6,511
10:16:08.6,511
10:16:08.6,511
10:16:08.6,512
10:16:08.6,512
10:16:08.6,512
10:16:08.6,512
10:16:08.6,511
10:16:08.6,512
10:16:08.6,512
10:16:08.6,512
10:16:08.6,512
10:16:08.6,512
10:16:08.6,512
10:16:08.6,512
10:16:08.6,511
10:16:08.6,512
10:16:08.6,512
10:16:08.6,512
10:16:08.6,512
10:16:08.6,512
10:16:08.6,512
10:16:08.6,512
10:16:08.6,511
10:16:08.6,512
10:16:08.6,512
10:16:08.6,512
10:16:08.6,512
10:16:08.6,512
10:16:08.6,512
10:16:08.6,512
10:16:08.6,511
10:16:08.6,512
10:16:08.6,511
10:16:08.6,512
10:16:08.6,512
10:16:08.6,510
10:16:08.6,509
10:16:08.6,509
10:16:08.6,509
10:16:08.6,510
10:16:08.6,511
10:16:08.6,511
10:16:08.6,513
10:16:08.6,521
10:16:08.6,532
10:16:08.6,527
10:16:08.6,517
10:16:08.6,514
10:16:08.6,512
10:16:08.6,512
10:16:08.6,512
10:16:08.6,511
10:16:08.6,512
10:16:08.6,512
10:16:08.6,511
10:16:08.6,512
10:16:08.6,512
10:16:08.6,513
10:16:08.6,513
10:16:08.6,512
10:16:08.6,512
10:16:08.6,512
10:16:08.6,512
10:16:08.6,512
10:16:08.6,512
10:16:08.6,512
10:16:08.6,512
10:16:08.6,512
10:16:08.6,512
10:16:08.6,512
10:16:08.6,512
10:16:08.6,512
10:16:08.6,512
10:16:09.0,512
10:16:09.0,512
10:16:09.0,513
10:16:09.0,512
10:16:09.0,512
10:16:09.0,512
10:16:09.0,512
10:16:09.0,512
10:16:09.0,512
10:16:09.0,512
10:16:09.0,512
10:16:09.0,512
10:16:09.0,512
10:16:09.0,512
10:16:09.0,512
10:16:09.0,512
10:16:09.0,512
10:16:09.0,512
10:16:09.0,512
10:16:09.0,512
10:16:09.0,513
10:16:09.0,512
10:16:09.0,512
10:16:09.0,512
10:16:09.0,512
10:16:09.0,512
10:16:09.0,512
10:16:09.0,512
10:16:09.0,512
10:16:09.0,512
10:16:09.1,512
10:16:09.1,512
10:16:09.1,511
10:16:09.1,511
10:16:09.1,512
10:16:09.2,512
10:16:09.2,512
10:16:09.2,512
10:16:09.2,511
10:16:09.2,512
10:16:09.2,512
10:16:09.2,511
10:16:09.2,511
10:16:09.2,511
10:16:09.2,512
10:16:09.2,512
10:16:09.2,512
10:16:09.2,512
10:16:09.2,512
10:16:09.2,512
10:16:09.2,512
10:16:09.2,512
10:16:09.2,513
10:16:09.2,512
10:16:09.2,512
10:16:09.2,512
10:16:09.2,512
10:16:09.2,513
10:16:09.3,512
10:16:09.3,512
10:16:09.3,512
10:16:09.3,512
10:16:09.3,512
10:16:09.3,512
10:16:09.3,512
10:16:09.3,511
10:16:09.3,512
10:16:09.3,512
10:16:09.3,512
10:16:09.3,512
10:16:09.3,512
10:16:09.3,512
10:16:09.3,512
10:16:09.3,512
10:16:09.3,512
10:16:09.3,512
10:16:09.3,512
10:16:09.3,511
10:16:09.3,511
10:16:09.3,509
10:16:09.3,508
10:16:09.3,510
10:16:09.3,510
10:16:09.3,511
10:16:09.3,511
10:16:09.3,515
10:16:09.3,525
10:16:09.3,532
10:16:09.3,524
10:16:09.3,515
10:16:09.3,513
10:16:09.3,512
10:16:09.3,512
10:16:09.3,512
10:16:09.3,512
10:16:09.3,511
10:16:09.3,512
10:16:09.3,512
10:16:09.3,511
10:16:09.3,512
10:16:09.3,512
10:16:09.3,512
10:16:09.3,513
10:16:09.3,512
10:16:09.3,512
10:16:09.3,512
10:16:09.3,512
10:16:09.3,512
10:16:09.3,512
10:16:09.3,512
10:16:09.3,512
10:16:09.3,512
10:16:09.3,512
10:16:09.3,512
10:16:09.3,512
10:16:09.3,512
10:16:09.3,512
10:16:09.3,512
10:16:09.3,512
10:16:09.3,512
10:16:09.3,512
10:16:09.3,512
10:16:09.3,512
10:16:09.3,512
10:16:09.6,512
10:16:09.6,512
10:16:09.6,512
10:16:09.6,512
10:16:09.6,512
10:16:09.6,512
10:16:09.6,512
10:16:09.6,512
10:16:09.6,511
10:16:09.6,512
10:16:09.7,512
10:16:09.7,511
10:16:09.7,512
10:16:09.7,512
10:16:09.7,512
10:16:09.7,512
10:16:09.7,512
10:16:09.7,512
10:16:09.7,512
10:16:09.7,512
10:16:09.7,512
10:16:09.7,512
10:16:09.7,512
10:16:09.7,512
10:16:09.7,511
10:16:09.7,512
10:16:09.7,512
10:16:09.7,512
10:16:09.7,512
10:16:09.7,511
10:16:09.7,512
10:16:09.7,512
10:16:09.7,512
10:16:09.7,511
10:16:09.7,512
10:16:09.7,511
10:16:09.8,512
10:16:09.8,512
10:16:09.8,512
10:16:09.8,512
10:16:09.8,512
10:16:09.8,512
10:16:09.8,512
10:16:09.8,512
10:16:09.8,512
10:16:09.8,512
10:16:09.8,512
10:16:09.8,512
10:16:09.8,512
10:16:09.8,512
10:16:09.8,512
10:16:09.8,512
10:16:09.8,512
10:16:09.8,512
10:16:09.8,512
10:16:09.8,512
10:16:09.8,512
10:16:09.8,512
10:16:09.8,512
10:16:09.9,512
10:16:09.9,512
10:16:09.9,512
10:16:09.9,512
10:16:09.9,511
10:16:09.9,512
10:16:09.9,512
10:16:09.9,512
10:16:09.9,511
10:16:09.9,511
10:16:09.9,511
10:16:09.9,510
10:16:09.9,509
10:16:09.9,509
10:16:09.9,510
10:16:09.9,511
10:16:09.9,511
10:16:09.9,515
10:16:09.9,526
10:16:09.9,532
10:16:09.9,522
10:16:09.9,516
10:16:09.9,512
10:16:09.9,512
10:16:10.1,512
10:16:10.1,512
10:16:10.1,512
10:16:10.1,512
10:16:10.1,511
10:16:10.1,511
10:16:10.1,512
10:16:10.1,512
10:16:10.1,512
10:16:10.1,512
10:16:10.1,512
10:16:10.1,512
10:16:10.1,512
10:16:10.1,512
10:16:10.1,512
10:16:10.1,512
10:16:10.1,512
10:16:10.1,512
10:16:10.1,512
10:16:10.2,512
10:16:10.2,512
10:16:10.2,512
10:16:10.2,512
10:16:10.2,512
10:16:10.2,512
10:16:10.2,512
10:16:10.2,512
10:16:10.2,512
10:16:10.2,513
10:16:10.2,511
10:16:10.2,512
10:16:10.2,512
10:16:10.2,512
10:16:10.2,512
10:16:10.2,512
10:16:10.2,512
10:16:10.2,512
10:16:10.2,512
10:16:10.2,512
10:16:10.2,512
10:16:10.2,512
10:16:10.2,512
10:16:10.2,513
10:16:10.2,512
10:16:10.2,511
10:16:10.2,512
10:16:10.2,512
10:16:10.2,512
10:16:10.2,512
10:16:10.2,513
10:16:10.2,512
10:16:10.2,512
10:16:10.2,512
10:16:10.2,511
10:16:10.2,511
10:16:10.2,511
10:16:10.2,512
10:16:10.2,512
10:16:10.2,512
10:16:10.2,512
10:16:10.2,512
10:16:10.2,511
10:16:10.2,511
10:16:10.2,511
10:16:10.2,510
10:16:10.2,511
10:16:10.2,511
10:16:10.2,511
10:16:10.2,512
10:16:10.2,512
10:16:10.2,512
10:16:10.2,512
10:16:10.2,512
10:16:10.2,512
10:16:10.2,512
10:16:10.2,513
10:16:10.2,512
10:16:10.2,512
10:16:10.2,512
10:16:10.2,513
10:16:10.2,512
10:16:10.2,512
10:16:10.2,512
10:16:10.2,512
10:16:10.2,512
10:16:10.2,512
10:16:10.2,512
10:16:10.2,511
10:16:10.2,512
10:16:10.2,512
10:16:10.2,512
10:16:10.2,512
10:16:10.2,512
10:16:10.2,512
10:16:10.2,512
10:16:10.2,511
10:16:10.2,512
10:16:10.2,511
10:16:10.2,511
10:16:10.6,510
10:16:10.6,508
10:16:10.6,509
10:16:10.6,510
10:16:10.6,511
10:16:10.6,511
10:16:10.6,512
10:16:10.6,520
10:16:10.6,532
10:16:10.6,527
10:16:10.6,518
10:16:10.6,513
10:16:10.6,512
10:16:10.6,512
10:16:10.6,512
10:16:10.6,512
10:16:10.6,512
10:16:10.6,512
10:16:10.6,512
10:16:10.6,512
10:16:10.6,512
10:16:10.6,512
10:16:10.6,512
10:16:10.6,512
10:16:10.6,512
10:16:10.6,512
10:16:10.6,512
10:16:10.6,512
10:16:10.6,512
10:16:10.6,512
10:16:10.6,512
10:16:10.6,512
10:16:10.6,512
10:16:10.6,512
10:16:10.6,513
10:16:10.6,512
10:16:10.6,512
10:16:10.6,512
10:16:10.6,512
10:16:10.6,512
10:16:10.6,512
10:16:10.6,512
10:16:10.6,512
10:16:10.6,512
10:16:10.6,512
10:16:10.6,512
10:16:10.6,512
10:16:10.6,512
10:16:10.6,512
10:16:10.6,512
10:16:10.6,511
10:16:10.6,512
10:16:10.8,512
10:16:10.8,512
10:16:10.8,512
10:16:10.8,512
10:16:10.8,512
10:16:10.8,512
10:16:10.8,512
10:16:10.8,512
10:16:10.8,512
10:16:10.8,511
10:16:10.8,512
10:16:10.8,512
10:16:10.8,512
10:16:10.8,512
10:16:10.8,512
10:16:10.8,512
10:16:10.8,512
10:16:10.8,512
10:16:10.8,512
10:16:10.8,512
10:16:10.8,512
10:16:10.8,512
10:16:10.8,512
10:16:10.8,511
10:16:10.8,511
10:16:10.8,511
10:16:10.8,512
10:16:10.8,512
10:16:10.8,512
10:16:10.8,512
10:16:10.8,512
10:16:10.8,512
10:16:10.8,512
10:16:11.0,512
10:16:11.0,512
10:16:11.0,512
10:16:11.0,512
10:16:11.0,512
10:16:11.0,511
10:16:11.0,512
10:16:11.0,512
10:16:11.0,512
10:16:11.0,512
10:16:11.0,512
10:16:11.0,512
10:16:11.0,511
10:16:11.0,512
10:16:11.0,512
10:16:11.0,512
10:16:11.0,513
10:16:11.0,512
10:16:11.0,512
10:16:11.1,512
10:16:11.1,512
10:16:11.1,512
10:16:11.1,512
10:16:11.1,512
10:16:11.1,512
10:16:11.1,510
10:16:11.2,509
10:16:11.2,509
10:16:11.2,510
10:16:11.2,510
10:16:11.2,511
10:16:11.2,513
10:16:11.2,520
10:16:11.2,532
10:16:11.2,527
10:16:11.2,518
10:16:11.2,513
10:16:11.2,512
10:16:11.2,512
10:16:11.2,512
10:16:11.2,512
10:16:11.2,511
10:16:11.2,512
10:16:11.2,512
10:16:11.2,512
10:16:11.2,512
10:16:11.2,512
10:16:11.2,513
10:16:11.2,512
10:16:11.2,512
10:16:11.2,512
10:16:11.2,512
10:16:11.2,512
10:16:11.2,512
10:16:11.2,512
10:16:11.2,512
10:16:11.2,512
10:16:11.3,512
10:16:11.3,512
10:16:11.3,512
10:16:11.3,512
10:16:11.4,512
10:16:11.4,512
10:16:11.4,512
10:16:11.4,512
10:16:11.4,512
10:16:11.4,512
10:16:11.4,512
10:16:11.4,511
10:16:11.4,512
10:16:11.4,512
10:16:11.4,512
10:16:11.4,512
10:16:11.4,512
10:16:11.4,511
10:16:11.4,512
10:16:11.4,512
10:16:11.4,512
10:16:11.4,512
10:16:11.4,512
10:16:11.4,512
10:16:11.4,512
10:16:11.4,512
10:16:11.4,512
10:16:11.4,512
10:16:11.4,512
10:16:11.4,512
10:16:11.4,512
10:16:11.4,512
10:16:11.4,511
10:16:11.4,512
10:16:11.4,511
10:16:11.5,511
10:16:11.5,512
10:16:11.5,512
10:16:11.5,512
10:16:11.5,511
10:16:11.5,511
10:16:11.5,511
10:16:11.5,511
10:16:11.5,511
10:16:11.5,512
10:16:11.5,512
10:16:11.5,512
10:16:11.5,512
10:16:11.5,512
10:16:11.5,512
10:16:11.5,512
10:16:11.5,512
10:16:11.5,512
10:16:11.5,512
10:16:11.5,512
10:16:11.5,512
10:16:11.5,512
10:16:11.5,512
10:16:11.5,512
10:16:11.5,512
10:16:11.5,512
10:16:11.5,512
10:16:11.5,512
10:16:11.5,511
10:16:11.5,512
10:16:11.5,512
10:16:11.5,512
10:16:11.5,512
10:16:11.5,512
10:16:11.5,512
10:16:11.5,512
10:16:11.5,512
10:16:11.5,512
10:16:11.5,512
10:16:11.5,512
10:16:11.5,511
10:16:11.5,510
10:16:11.5,508
10:16:11.5,509
10:16:11.5,510
10:16:11.5,511
10:16:11.5,512
10:16:11.5,515
10:16:11.5,527
10:16:11.5,532
10:16:11.5,521
10:16:11.5,515
10:16:11.5,512
10:16:11.5,512
10:16:11.5,512
10:16:11.5,512
10:16:11.5,512
10:16:11.5,512
10:16:11.5,512
10:16:11.5,511
10:16:11.5,512
10:16:11.5,512
10:16:11.5,512
10:16:11.5,512
10:16:11.5,512
10:16:11.5,512
10:16:11.8,512
10:16:11.8,512
10:16:11.8,512
10:16:11.8,512
10:16:11.8,512
10:16:11.8,512
10:16:11.8,512
10:16:11.8,512
10:16:11.8,512
10:16:11.8,512
10:16:11.8,512
10:16:11.8,512
10:16:11.8,512
10:16:11.8,512
10:16:11.8,512
10:16:11.8,512
10:16:11.8,512
10:16:11.8,512
10:16:11.8,512
10:16:11.8,512
10:16:11.8,512
10:16:11.8,512
10:16:11.8,512
10:16:11.8,512
10:16:11.8,511
10:16:11.8,512
10:16:11.8,512
10:16:11.8,512
10:16:11.8,512
10:16:11.8,513
10:16:11.8,512
10:16:11.8,512
10:16:11.8,512
10:16:11.8,512
10:16:11.8,512
10:16:11.8,512
10:16:11.8,512
10:16:11.8,512
10:16:11.8,512
10:16:11.8,511
10:16:11.8,512
10:16:11.8,512
10:16:11.8,512
10:16:11.8,512
10:16:11.8,512
10:16:11.8,511
10:16:11.8,512
10:16:11.8,512
10:16:11.8,511
10:16:11.8,511
10:16:11.8,511
10:16:11.8,512
10:16:11.8,512
10:16:11.8,512
10:16:11.8,512
10:16:11.8,512
10:16:11.8,512
10:16:11.8,512
10:16:11.8,512
10:16:11.8,512
10:16:11.8,512
10:16:11.8,512
10:16:12.2,512
10:16:12.2,512
10:16:12.2,512
10:16:12.2,512
10:16:12.2,512
10:16:12.2,512
10:16:12.2,512
10:16:12.2,511
10:16:12.2,512
10:16:12.2,512
10:16:12.2,512
10:16:12.2,512
10:16:12.2,512
10:16:12.2,512
10:16:12.2,512
10:16:12.2,512
10:16:12.2,512
10:16:12.3,512
10:16:12.3,512
10:16:12.3,511
10:16:12.3,510
10:16:12.3,508
10:16:12.3,509
10:16:12.3,510
10:16:12.3,510
10:16:12.3,512
10:16:12.3,515
10:16:12.3,525
10:16:12.3,532
10:16:12.3,522
10:16:12.3,515
10:16:12.3,512
10:16:12.3,512
10:16:12.3,512
10:16:12.3,512
10:16:12.3,512
10:16:12.4,511
10:16:12.4,512
10:16:12.4,512
10:16:12.4,512
10:16:12.4,512
10:16:12.4,513
10:16:12.4,512
10:16:12.4,512
10:16:12.4,512
10:16:12.4,512
10:16:12.4,511
10:16:12.4,512
10:16:12.4,512
10:16:12.4,512
10:16:12.4,512
10:16:12.4,512
10:16:12.4,512
10:16:12.4,512
10:16:12.4,512
10:16:12.4,512
10:16:12.4,512
10:16:12.4,512
10:16:12.4,512
10:16:12.4,512
10:16:12.4,512
10:16:12.4,512
10:16:12.4,511
10:16:12.4,512
10:16:12.4,512
10:16:12.4,512
10:16:12.4,512
10:16:12.4,512
10:16:12.4,512
10:16:12.4,512
10:16:12.4,512
10:16:12.4,512
10:16:12.4,512
10:16:12.6,512
10:16:12.6,512
10:16:12.6,512
10:16:12.6,512
10:16:12.6,512
10:16:12.6,512
10:16:12.6,512
10:16:12.6,512
10:16:12.6,512
10:16:12.6,512
10:16:12.6,512
10:16:12.6,512
10:16:12.6,511
10:16:12.6,512
10:16:12.6,512
10:16:12.6,512
10:16:12.6,512
10:16:12.6,512
10:16:12.6,511
10:16:12.6,512
10:16:12.6,511
10:16:12.6,511
10:16:12.6,511
10:16:12.6,512
10:16:12.6,512
10:16:12.6,512
10:16:12.6,512
10:16:12.6,512
10:16:12.6,512
10:16:12.6,512
10:16:12.6,513
10:16:12.6,512
10:16:12.6,512
10:16:12.6,512
10:16:12.6,512
10:16:12.6,512
10:16:12.6,512
10:16:12.6,512
10:16:12.6,513
10:16:12.6,512
10:16:12.6,512
10:16:12.6,512
10:16:12.6,512
10:16:12.6,512
10:16:12.6,512
10:16:12.6,512
10:16:12.6,512
10:16:12.6,512
10:16:12.6,512
10:16:12.6,512
10:16:12.6,511
10:16:12.6,512
10:16:12.6,511
10:16:12.6,510
10:16:12.9,509
10:16:12.9,509
10:16:12.9,510
10:16:12.9,510
10:16:12.9,511
10:16:12.9,513
10:16:12.9,522
10:16:12.9,532
10:16:12.9,524
10:16:12.9,517
10:16:12.9,513
10:16:12.9,512
10:16:12.9,511
10:16:12.9,512
10:16:12.9,511
10:16:12.9,512
10:16:12.9,512
10:16:12.9,512
10:16:12.9,512
10:16:12.9,512
10:16:12.9,513
10:16:13.0,512
10:16:13.0,512
10:16:13.0,512
10:16:13.0,512
10:16:13.0,511
10:16:13.0,512
10:16:13.0,512
10:16:13.0,512
10:16:13.0,512
10:16:13.0,512
10:16:13.0,512
10:16:13.0,512
10:16:13.0,512
10:16:13.0,512
10:16:13.0,512
10:16:13.0,512
10:16:13.0,513
10:16:13.0,512
10:16:13.0,512
10:16:13.0,511
10:16:13.0,512
10:16:13.0,512
10:16:13.0,512
10:16:13.0,512
10:16:13.0,512
10:16:13.0,512
10:16:13.0,512
10:16:13.0,511
10:16:13.0,512
10:16:13.0,512
10:16:13.0,512
10:16:13.1,512
10:16:13.1,512
10:16:13.1,512
10:16:13.1,512
10:16:13.1,512
10:16:13.1,512
10:16:13.1,512
10:16:13.1,512
10:16:13.1,512
10:16:13.1,512
10:16:13.1,512
10:16:13.1,512
10:16:13.1,511
10:16:13.1,512
10:16:13.1,512
10:16:13.1,512
10:16:13.1,512
10:16:13.1,511
10:16:13.1,511
10:16:13.1,511
10:16:13.1,511
10:16:13.1,511
10:16:13.1,511
10:16:13.1,512
10:16:13.1,512
10:16:13.1,512
10:16:13.1,512
10:16:13.1,512
10:16:13.1,512
10:16:13.1,512
10:16:13.1,512
10:16:13.1,512
10:16:13.1,512
10:16:13.1,512
10:16:13.1,512
10:16:13.3,512
10:16:13.3,512
10:16:13.3,512
10:16:13.3,512
10:16:13.3,512
10:16:13.3,512
10:16:13.3,511
10:16:13.3,512
10:16:13.3,512
10:16:13.3,512
10:16:13.3,512
10:16:13.3,512
10:16:13.3,512
10:16:13.3,512
10:16:13.3,512
10:16:13.3,511
10:16:13.4,511
10:16:13.4,510
10:16:13.4,509
10:16:13.4,509
10:16:13.4,510
10:16:13.4,511
10:16:13.4,511
10:16:13.4,513
10:16:13.4,522
10:16:13.4,531
10:16:13.4,523
10:16:13.4,515
10:16:13.4,513
10:16:13.4,512
10:16:13.4,511
10:16:13.4,512
10:16:13.5,512
10:16:13.5,511
10:16:13.5,512
10:16:13.5,512
10:16:13.5,512
10:16:13.5,512
10:16:13.5,512
10:16:13.5,512
10:16:13.5,512
10:16:13.5,512
10:16:13.5,512
10:16:13.5,512
10:16:13.5,512
10:16:13.5,512
10:16:13.5,512
10:16:13.5,512
10:16:13.5,512
10:16:13.5,512
10:16:13.5,512
10:16:13.5,512
10:16:13.6,512
10:16:13.6,512
10:16:13.6,512
10:16:13.6,512
10:16:13.6,512
10:16:13.6,512
10:16:13.6,512
10:16:13.6,511
10:16:13.6,512
10:16:13.6,512
10:16:13.6,512
10:16:13.6,512
10:16:13.6,511
10:16:13.6,512
10:16:13.6,511
10:16:13.6,512
10:16:13.6,512
10:16:13.6,513
10:16:13.6,512
10:16:13.6,512
10:16:13.6,512
10:16:13.6,512
10:16:13.6,512
10:16:13.6,512
10:16:13.6,512
10:16:13.6,512
10:16:13.6,512
10:16:13.6,511
10:16:13.6,512
10:16:13.6,511
10:16:13.6,512
10:16:13.6,512
10:16:13.6,512
10:16:13.6,512
10:16:13.6,511
10:16:13.6,511
10:16:13.6,512
10:16:13.6,511
10:16:13.6,511
10:16:13.6,512
10:16:13.6,511
10:16:13.6,512
10:16:13.6,512
10:16:13.6,512
10:16:13.6,512
10:16:13.6,512
10:16:13.6,512
10:16:13.6,512
10:16:13.6,512
10:16:13.6,513
10:16:13.6,512
10:16:13.6,512
10:16:13.6,512
10:16:13.6,512
10:16:13.6,512
10:16:13.6,512
10:16:13.6,512
10:16:13.6,512
10:16:13.6,512
10:16:13.6,511
10:16:13.6,512
10:16:13.6,512
10:16:13.6,512
10:16:13.6,512
10:16:13.6,512
10:16:13.6,512
10:16:13.6,512
10:16:13.6,512
10:16:13.6,511
10:16:13.6,511
10:16:13.6,512
10:16:13.6,510
10:16:13.6,509
10:16:13.6,508
10:16:13.6,509
10:16:13.6,511
10:16:13.6,512
10:16:13.6,515
10:16:13.6,525
10:16:13.6,531
10:16:14.0,521
10:16:14.0,515
10:16:14.0,512
10:16:14.0,512
10:16:14.0,512
10:16:14.0,511
10:16:14.0,512
10:16:14.0,512
10:16:14.0,511
10:16:14.0,512
10:16:14.0,512
10:16:14.0,513
10:16:14.0,512
10:16:14.0,512
10:16:14.0,512
10:16:14.0,512
10:16:14.0,512
10:16:14.0,512
10:16:14.0,512
10:16:14.0,512
10:16:14.0,512
10:16:14.0,512
10:16:14.0,512
10:16:14.0,512
10:16:14.0,512
10:16:14.0,512
10:16:14.0,512
10:16:14.0,512
10:16:14.0,512
10:16:14.1,512
10:16:14.1,512
10:16:14.1,511
10:16:14.1,512
10:16:14.1,512
10:16:14.1,512
10:16:14.1,512
10:16:14.1,512
10:16:14.1,512
10:16:14.1,512
10:16:14.1,512
10:16:14.1,512
10:16:14.1,512
10:16:14.1,512
10:16:14.1,512
10:16:14.1,512
10:16:14.1,512
10:16:14.1,512
10:16:14.1,512
10:16:14.1,512
10:16:14.1,512
10:16:14.1,512
10:16:14.1,512
10:16:14.1,512
10:16:14.1,512
10:16:14.1,512
10:16:14.3,512
10:16:14.3,512
10:16:14.3,512
10:16:14.3,512
10:16:14.3,512
10:16:14.3,512
10:16:14.3,512
10:16:14.3,511
10:16:14.3,511
10:16:14.3,511
10:16:14.3,511
10:16:14.3,511
10:16:14.3,512
10:16:14.3,512
10:16:14.3,512
10:16:14.3,512
10:16:14.3,512
10:16:14.3,512
10:16:14.3,512
10:16:14.3,512
10:16:14.3,512
10:16:14.3,513
10:16:14.3,512
10:16:14.3,512
10:16:14.3,512
10:16:14.3,512
10:16:14.3,512
10:16:14.3,512
10:16:14.3,512
10:16:14.3,512
10:16:14.3,511
10:16:14.3,511
10:16:14.3,512
10:16:14.3,512
10:16:14.3,512
10:16:14.3,512
10:16:14.3,512
10:16:14.3,512
10:16:14.3,512
10:16:14.3,512
10:16:14.3,512
10:16:14.3,511
10:16:14.3,510
10:16:14.3,509
10:16:14.3,509
10:16:14.3,510
10:16:14.3,510
10:16:14.3,512
10:16:14.3,520
10:16:14.3,531
10:16:14.3,525
10:16:14.3,516
10:16:14.3,513
10:16:14.3,512
10:16:14.3,511
10:16:14.3,512
10:16:14.3,512
10:16:14.3,511
10:16:14.3,512
10:16:14.3,512
10:16:14.3,512
10:16:14.3,512
10:16:14.3,513
10:16:14.3,512
10:16:14.3,512
10:16:14.3,512
10:16:14.3,512
10:16:14.3,512
10:16:14.3,512
10:16:14.3,512
10:16:14.3,512
10:16:14.3,511
10:16:14.3,512
10:16:14.3,512
10:16:14.3,512
10:16:14.3,512
10:16:14.3,512
10:16:14.3,512
10:16:14.3,512
10:16:14.3,512
10:16:14.3,512
10:16:14.3,511
10:16:14.7,512
10:16:14.7,512
10:16:14.7,512
10:16:14.7,511
10:16:14.7,512
10:16:14.7,512
10:16:14.7,512
10:16:14.7,511
10:16:14.7,512
10:16:14.7,512
10:16:14.7,512
10:16:14.7,512
10:16:14.7,512
10:16:14.7,512
10:16:14.7,512
10:16:14.7,512
10:16:14.7,512
10:16:14.7,512
10:16:14.8,512
10:16:14.8,512
10:16:14.8,512
10:16:14.8,512
10:16:14.8,511
10:16:14.8,512
10:16:14.8,512
10:16:14.8,512
10:16:14.8,512
10:16:14.8,512
10:16:14.8,511
10:16:14.8,511
10:16:14.8,511
10:16:14.8,511
10:16:14.8,511
10:16:14.8,511
10:16:14.8,512
10:16:14.9,512
10:16:14.9,512
10:16:14.9,512
10:16:14.9,512
10:16:14.9,512
10:16:14.9,512
10:16:14.9,512
10:16:14.9,512
10:16:14.9,512
10:16:14.9,512
10:16:14.9,512
10:16:14.9,513
10:16:14.9,512
10:16:14.9,512
10:16:14.9,512
10:16:14.9,512
10:16:14.9,512
10:16:14.9,512
10:16:14.9,512
10:16:14.9,512
10:16:14.9,511
10:16:14.9,512
10:16:14.9,512
10:16:15.0,512
10:16:15.0,512
10:16:15.0,512
10:16:15.0,512
10:16:15.0,512
10:16:15.0,512
10:16:15.0,512
10:16:15.0,512
10:16:15.0,511
10:16:15.0,510
10:16:15.0,508
10:16:15.0,509
10:16:15.0,510
10:16:15.0,511
10:16:15.0,512
10:16:15.0,516
10:16:15.0,527
10:16:15.0,531
10:16:15.0,521
10:16:15.0,515
10:16:15.0,512
10:16:15.0,512
10:16:15.0,512
10:16:15.0,512
10:16:15.0,512
10:16:15.0,512
10:16:15.0,512
10:16:15.0,512
10:16:15.0,512
10:16:15.0,513
10:16:15.0,513
10:16:15.0,512
10:16:15.0,512
10:16:15.0,512
10:16:15.0,512
10:16:15.0,512
10:16:15.0,512
10:16:15.0,512
10:16:15.0,512
10:16:15.0,512
10:16:15.0,512
10:16:15.0,512
10:16:15.0,512
10:16:15.0,512
10:16:15.0,512
10:16:15.0,512
10:16:15.0,512
10:16:15.0,512
10:16:15.0,512
10:16:15.0,512
10:16:15.0,511
10:16:15.0,512
10:16:15.0,512
10:16:15.0,512
10:16:15.0,512
10:16:15.0,512
10:16:15.3,512
10:16:15.3,512
10:16:15.3,512
10:16:15.3,512
10:16:15.3,512
10:16:15.3,512
10:16:15.3,512
10:16:15.3,512
10:16:15.3,512
10:16:15.3,512
10:16:15.3,512
10:16:15.3,512
10:16:15.3,512
10:16:15.3,512
10:16:15.3,512
10:16:15.3,512
10:16:15.3,513
10:16:15.3,512
10:16:15.3,512
10:16:15.3,512
10:16:15.3,512
10:16:15.3,512
10:16:15.3,512
10:16:15.3,512
10:16:15.3,512
10:16:15.3,511
10:16:15.3,511
10:16:15.4,511
10:16:15.4,511
10:16:15.4,511
10:16:15.4,512
10:16:15.4,512
10:16:15.4,512
10:16:15.4,512
10:16:15.4,512
10:16:15.4,512
10:16:15.4,511
10:16:15.4,512
10:16:15.4,512
10:16:15.5,512
10:16:15.5,512
10:16:15.5,512
10:16:15.5,512
10:16:15.5,512
10:16:15.5,512
10:16:15.5,512
10:16:15.5,512
10:16:15.5,512
10:16:15.5,512
10:16:15.5,512
10:16:15.5,512
10:16:15.5,512
10:16:15.5,512
10:16:15.5,512
10:16:15.5,512
10:16:15.5,512
10:16:15.5,512
10:16:15.5,511
10:16:15.5,512
10:16:15.5,512
10:16:15.5,512
10:16:15.6,512
10:16:15.6,510
10:16:15.6,509
10:16:15.6,509
10:16:15.6,510
10:16:15.6,511
10:16:15.6,511
10:16:15.6,512
10:16:15.6,518
10:16:15.6,531
10:16:15.6,529
10:16:15.6,519
10:16:15.6,514
10:16:15.6,512
10:16:15.6,512
10:16:15.6,512
10:16:15.6,512
10:16:15.6,511
10:16:15.6,512
10:16:15.6,512
10:16:15.6,512
10:16:15.6,512
10:16:15.7,512
10:16:15.7,513
10:16:15.7,512
10:16:15.7,512
10:16:15.7,512
10:16:15.7,512
10:16:15.7,512
10:16:15.7,511
10:16:15.7,512
10:16:15.7,512
10:16:15.7,512
10:16:15.7,512
10:16:15.7,512
10:16:15.7,512
10:16:15.7,512
10:16:15.7,512
10:16:15.7,512
10:16:15.7,512
10:16:15.7,512
10:16:15.7,512
10:16:15.7,512
10:16:15.7,512
10:16:15.7,512
10:16:15.7,512
10:16:15.7,511
10:16:15.7,512
10:16:15.7,512
10:16:15.7,511
10:16:15.7,511
10:16:15.9,512
10:16:15.9,512
10:16:15.9,512
10:16:15.9,512
10:16:15.9,512
10:16:15.9,512
10:16:15.9,512
10:16:15.9,512
10:16:15.9,512
10:16:15.9,512
10:16:15.9,512
10:16:15.9,512
10:16:15.9,512
10:16:15.9,512
10:16:15.9,512
10:16:15.9,512
10:16:15.9,512
10:16:15.9,512
10:16:15.9,512
10:16:15.9,512
10:16:15.9,512
10:16:15.9,512
10:16:15.9,512
10:16:15.9,512
10:16:15.9,511
10:16:15.9,511
10:16:15.9,511
10:16:15.9,511
10:16:15.9,511
10:16:15.9,511
10:16:15.9,512
10:16:15.9,512
10:16:15.9,512
10:16:15.9,512
10:16:15.9,512
10:16:15.9,512
10:16:15.9,512
10:16:15.9,512
10:16:15.9,512
10:16:15.9,512
10:16:15.9,512
10:16:15.9,512
10:16:15.9,512
10:16:15.9,512
10:16:15.9,512
10:16:15.9,512
10:16:15.9,512
10:16:15.9,512
10:16:15.9,512
10:16:15.9,512
10:16:15.9,512
10:16:15.9,512
10:16:15.9,512
10:16:15.9,513
10:16:15.9,512
10:16:15.9,512
10:16:15.9,512
10:16:15.9,512
10:16:15.9,512
10:16:15.9,511
10:16:15.9,510
10:16:15.9,509
10:16:15.9,509
10:16:16.2,510
10:16:16.2,511
10:16:16.2,511
10:16:16.2,514
10:16:16.2,522
10:16:16.2,532
10:16:16.2,524
10:16:16.2,516
10:16:16.2,513
10:16:16.2,512
10:16:16.2,511
10:16:16.2,512
10:16:16.2,512
10:16:16.2,512
10:16:16.2,512
10:16:16.2,512
10:16:16.2,512
10:16:16.2,512
10:16:16.2,512
10:16:16.2,512
10:16:16.2,513
10:16:16.2,512
10:16:16.2,512
10:16:16.2,512
10:16:16.3,512
10:16:16.3,512
10:16:16.3,512
10:16:16.4,512
10:16:16.4,512
10:16:16.4,512
10:16:16.4,512
10:16:16.4,512
10:16:16.4,512
10:16:16.4,512
10:16:16.4,512
10:16:16.4,512
10:16:16.4,512
10:16:16.4,512
10:16:16.4,512
10:16:16.4,512
10:16:16.4,512
10:16:16.4,512
10:16:16.4,512
10:16:16.4,511
10:16:16.4,512
10:16:16.4,512
10:16:16.4,512
10:16:16.4,512
10:16:16.4,512
10:16:16.4,512
10:16:16.4,512
10:16:16.4,512
10:16:16.4,512
10:16:16.4,512
10:16:16.4,512
10:16:16.4,512
10:16:16.4,512
10:16:16.4,512
10:16:16.4,512
10:16:16.4,512
10:16:16.4,512
10:16:16.4,512
10:16:16.4,512
10:16:16.4,511
10:16:16.4,511
10:16:16.4,512
10:16:16.4,511
10:16:16.4,512
10:16:16.4,511
10:16:16.4,511
10:16:16.4,511
10:16:16.4,511
10:16:16.4,511
10:16:16.4,512
10:16:16.4,512
10:16:16.4,512
10:16:16.4,512
10:16:16.4,512
10:16:16.4,512
10:16:16.4,511
10:16:16.4,512
10:16:16.4,512
10:16:16.4,512
10:16:16.4,512
10:16:16.6,512
10:16:16.6,512
10:16:16.6,512
10:16:16.6,512
10:16:16.6,512
10:16:16.6,512
10:16:16.6,512
10:16:16.6,512
10:16:16.6,512
10:16:16.6,512
10:16:16.6,512
10:16:16.6,512
10:16:16.6,512
10:16:16.6,512
10:16:16.6,512
10:16:16.6,512
10:16:16.6,512
10:16:16.6,512
10:16:16.6,512
10:16:16.6,512
10:16:16.6,512
10:16:16.6,511
10:16:16.6,509
10:16:16.6,509
10:16:16.6,510
10:16:16.6,511
10:16:16.6,512
10:16:16.6,516
10:16:16.6,528
10:16:16.6,531
10:16:16.6,521
10:16:16.6,515
10:16:16.6,512
10:16:16.6,512
10:16:16.6,512
10:16:16.8,511
10:16:16.8,512
10:16:16.8,512
10:16:16.8,512
10:16:16.8,512
10:16:16.8,512
10:16:16.8,512
10:16:16.8,512
10:16:16.8,512
10:16:16.8,512
10:16:16.8,512
10:16:16.8,512
10:16:16.8,512
10:16:16.8,512
10:16:16.8,512
10:16:16.8,512
10:16:16.8,513
10:16:16.8,512
10:16:16.8,512
10:16:16.8,512
10:16:16.8,512
10:16:16.8,512
10:16:16.8,513
10:16:16.8,512
10:16:16.8,512
10:16:16.8,512
10:16:16.8,512
10:16:16.8,512
10:16:17.0,512
10:16:17.0,512
10:16:17.0,512
10:16:17.0,512
10:16:17.0,512
10:16:17.0,512
10:16:17.0,512
10:16:17.0,512
10:16:17.0,512
10:16:17.0,512
10:16:17.0,512
10:16:17.0,512
10:16:17.0,512
10:16:17.0,512
10:16:17.0,512
10:16:17.0,512
10:16:17.0,512
10:16:17.0,512
10:16:17.0,512
10:16:17.0,512
10:16:17.0,512
10:16:17.0,512
10:16:17.0,512
10:16:17.0,512
10:16:17.0,512
10:16:17.0,512
10:16:17.0,512
10:16:17.0,512
10:16:17.0,511
10:16:17.0,511
10:16:17.0,511
10:16:17.0,511
10:16:17.0,511
10:16:17.0,512
10:16:17.0,512
10:16:17.0,512
10:16:17.0,512
10:16:17.0,512
10:16:17.0,512
10:16:17.0,512
10:16:17.0,512
10:16:17.0,512
10:16:17.0,512
10:16:17.0,512
10:16:17.0,512
10:16:17.0,512
10:16:17.0,513
10:16:17.0,512
10:16:17.0,512
10:16:17.0,512
10:16:17.0,512
10:16:17.0,511
10:16:17.0,512
10:16:17.0,512
10:16:17.0,512
10:16:17.2,512
10:16:17.2,512
10:16:17.2,512
10:16:17.2,512
10:16:17.2,512
10:16:17.3,512
10:16:17.3,512
10:16:17.3,512
10:16:17.3,512
10:16:17.3,510
10:16:17.3,509
10:16:17.3,510
10:16:17.3,511
10:16:17.3,511
10:16:17.3,513
10:16:17.3,522
10:16:17.3,532
10:16:17.3,524
10:16:17.3,516
10:16:17.3,512
10:16:17.3,512
10:16:17.3,512
10:16:17.3,512
10:16:17.3,512
10:16:17.3,512
10:16:17.4,511
10:16:17.4,512
10:16:17.4,512
10:16:17.4,513
10:16:17.4,513
10:16:17.4,513
10:16:17.4,512
10:16:17.4,512
10:16:17.4,511
10:16:17.4,512
10:16:17.4,512
10:16:17.4,513
10:16:17.4,512
10:16:17.4,512
10:16:17.4,512
10:16:17.4,512
10:16:17.4,512
10:16:17.4,512
10:16:17.4,512
10:16:17.4,512
10:16:17.4,512
10:16:17.4,512
10:16:17.4,512
10:16:17.4,512
10:16:17.4,512
10:16:17.4,512
10:16:17.4,512
10:16:17.4,512
10:16:17.4,512
10:16:17.4,512
10:16:17.4,512
10:16:17.4,512
10:16:17.4,512
10:16:17.4,512
10:16:17.4,512
10:16:17.4,512
10:16:17.4,512
10:16:17.4,512
10:16:17.4,512
10:16:17.4,512
10:16:17.4,512
10:16:17.4,512
10:16:17.4,512
10:16:17.4,512
10:16:17.4,512
10:16:17.4,511
10:16:17.4,511
10:16:17.4,511
10:16:17.4,512
10:16:17.4,512
10:16:17.4,512
10:16:17.4,512
10:16:17.6,511
10:16:17.6,511
10:16:17.6,511
10:16:17.6,510
10:16:17.6,511
10:16:17.7,512
10:16:17.7,512
10:16:17.7,512
10:16:17.7,512
10:16:17.7,512
10:16:17.7,512
10:16:17.7,512
10:16:17.7,512
10:16:17.7,513
10:16:17.7,512
10:16:17.7,512
10:16:17.7,512
10:16:17.7,512
10:16:17.7,512
10:16:17.7,512
10:16:17.7,512
10:16:17.7,512
10:16:17.7,512
10:16:17.7,512
10:16:17.7,512
10:16:17.7,512
10:16:17.7,512
10:16:17.7,512
10:16:17.7,512
10:16:17.7,512
10:16:17.7,512
10:16:17.7,512
10:16:17.7,512
10:16:17.7,511
10:16:17.7,510
10:16:17.7,509
10:16:17.7,509
10:16:17.7,510
10:16:17.7,511
10:16:17.7,511
10:16:17.7,513
10:16:17.7,522
10:16:17.7,532
10:16:17.7,523
10:16:17.7,516
10:16:17.7,512
10:16:17.7,512
10:16:17.7,512
10:16:17.7,512
10:16:17.7,512
10:16:17.7,512
10:16:17.7,512
10:16:17.7,512
10:16:17.7,512
10:16:17.7,513
10:16:17.7,512
10:16:17.7,512
10:16:17.9,512
10:16:17.9,512
10:16:17.9,512
10:16:17.9,512
10:16:17.9,512
10:16:17.9,512
10:16:17.9,512
10:16:17.9,512
10:16:17.9,512
10:16:17.9,512
10:16:17.9,512
10:16:17.9,512
10:16:17.9,512
10:16:18.0,512
10:16:18.0,512
10:16:18.0,512
10:16:18.0,512
10:16:18.0,512
10:16:18.0,512
10:16:18.0,512
10:16:18.0,512
10:16:18.0,512
10:16:18.0,512
10:16:18.1,512
10:16:18.1,512
10:16:18.1,512
10:16:18.1,512
10:16:18.1,512
10:16:18.1,512
10:16:18.1,512
10:16:18.1,512
10:16:18.1,512
10:16:18.1,512
10:16:18.1,512
10:16:18.1,512
10:16:18.1,512
10:16:18.1,512
10:16:18.1,512
10:16:18.1,512
10:16:18.1,511
10:16:18.1,512
10:16:18.1,512
10:16:18.1,512
10:16:18.1,512
10:16:18.1,512
10:16:18.1,512
10:16:18.1,512
10:16:18.1,511
10:16:18.1,511
10:16:18.1,511
10:16:18.1,511
10:16:18.1,512
10:16:18.1,512
10:16:18.1,512
10:16:18.1,512
10:16:18.1,512
10:16:18.1,512
10:16:18.1,512
10:16:18.1,512
10:16:18.1,512
10:16:18.1,512
10:16:18.1,512
10:16:18.1,512
10:16:18.1,512
10:16:18.1,512
10:16:18.1,512
10:16:18.3,511
10:16:18.3,512
10:16:18.3,511
10:16:18.3,512
10:16:18.3,512
10:16:18.3,512
10:16:18.3,512
10:16:18.3,512
10:16:18.3,512
10:16:18.3,512
10:16:18.3,511
10:16:18.3,511
10:16:18.3,511
10:16:18.3,510
10:16:18.3,509
10:16:18.3,509
10:16:18.3,511
10:16:18.3,511
10:16:18.3,512
10:16:18.3,515
10:16:18.3,528
10:16:18.3,530
10:16:18.3,519
10:16:18.3,514
10:16:18.3,512
10:16:18.3,512
10:16:18.3,512
10:16:18.3,512
10:16:18.3,512
10:16:18.3,512
10:16:18.3,512
10:16:18.3,512
10:16:18.3,513
10:16:18.3,513
10:16:18.3,512
10:16:18.5,512
10:16:18.5,512
10:16:18.5,512
10:16:18.5,512
10:16:18.5,512
10:16:18.5,512
10:16:18.5,512
10:16:18.5,513
10:16:18.5,512
10:16:18.5,512
10:16:18.5,512
10:16:18.5,512
10:16:18.5,512
10:16:18.5,512
10:16:18.5,513
10:16:18.5,512
10:16:18.5,512
10:16:18.6,512
10:16:18.6,512
10:16:18.6,512
10:16:18.6,512
10:16:18.6,512
10:16:18.6,512
10:16:18.6,512
10:16:18.6,512
10:16:18.6,512
10:16:18.6,512
10:16:18.6,512
10:16:18.6,512
10:16:18.6,512
10:16:18.6,512
10:16:18.6,512
10:16:18.6,512
10:16:18.6,512
10:16:18.7,512
10:16:18.7,512
10:16:18.7,512
10:16:18.7,512
10:16:18.7,512
10:16:18.7,512
10:16:18.7,512
10:16:18.7,512
10:16:18.7,512
10:16:18.7,512
10:16:18.7,511
10:16:18.7,512
10:16:18.7,512
10:16:18.7,511
10:16:18.7,511
10:16:18.7,512
10:16:18.7,512
10:16:18.7,512
10:16:18.7,512
10:16:18.7,512
10:16:18.7,512
10:16:18.7,512
10:16:18.7,512
10:16:18.7,512
10:16:18.7,512
10:16:18.7,512
10:16:18.7,512
10:16:18.7,513
10:16:18.7,512
10:16:18.7,512
10:16:18.8,512
10:16:18.8,512
10:16:18.8,511
10:16:18.8,512
10:16:18.8,512
10:16:18.8,512
10:16:18.8,513
10:16:18.8,512
10:16:18.8,512
10:16:18.9,512
10:16:18.9,512
10:16:18.9,511
10:16:18.9,512
10:16:18.9,511
10:16:18.9,509
10:16:18.9,509
10:16:18.9,510
10:16:18.9,511
10:16:18.9,511
10:16:18.9,513
10:16:18.9,523
10:16:18.9,533
10:16:18.9,523
10:16:18.9,515
10:16:18.9,512
10:16:18.9,512
10:16:18.9,512
10:16:18.9,512
10:16:18.9,512
10:16:18.9,512
10:16:18.9,512
10:16:18.9,512
10:16:18.9,513
10:16:18.9,513
10:16:18.9,513
10:16:19.0,513
10:16:19.0,512
10:16:19.0,512
10:16:19.0,512
10:16:19.0,512
10:16:19.0,512
10:16:19.0,512
10:16:19.0,512
10:16:19.0,512
10:16:19.0,512
10:16:19.0,512
10:16:19.0,512
10:16:19.0,512
10:16:19.0,512
10:16:19.0,512
10:16:19.0,512
10:16:19.0,512
10:16:19.0,512
10:16:19.0,512
10:16:19.0,512
10:16:19.0,512
10:16:19.0,512
10:16:19.0,512
10:16:19.0,512
10:16:19.0,512
10:16:19.0,512
10:16:19.0,512
10:16:19.0,512
10:16:19.0,512
10:16:19.0,512
10:16:19.0,512
10:16:19.0,512
10:16:19.0,512
10:16:19.0,512
10:16:19.0,512
10:16:19.0,512
10:16:19.0,512
10:16:19.0,512
10:16:19.0,512
10:16:19.0,512
10:16:19.0,512
10:16:19.0,512
10:16:19.0,512
10:16:19.0,512
10:16:19.0,512
10:16:19.0,512
10:16:19.0,511
10:16:19.0,512
10:16:19.0,510
10:16:19.0,511
10:16:19.0,511
10:16:19.0,512
10:16:19.0,512
10:16:19.0,512
10:16:19.0,511
10:16:19.0,512
10:16:19.0,512
10:16:19.3,512
10:16:19.3,512
10:16:19.3,512
10:16:19.3,512
10:16:19.3,512
10:16:19.3,512
10:16:19.3,512
10:16:19.3,512
10:16:19.3,512
10:16:19.3,512
10:16:19.3,512
10:16:19.3,512
10:16:19.3,512
10:16:19.3,512
10:16:19.3,512
10:16:19.3,512
10:16:19.3,512
10:16:19.3,512
10:16:19.3,512
10:16:19.3,511
10:16:19.3,511
10:16:19.3,511
10:16:19.3,510
10:16:19.3,509
10:16:19.3,510
10:16:19.3,511
10:16:19.3,511
10:16:19.3,512
10:16:19.3,518
10:16:19.3,531
10:16:19.3,527
10:16:19.4,517
10:16:19.4,513
10:16:19.4,512
10:16:19.4,512
10:16:19.4,512
10:16:19.4,512
10:16:19.4,512
10:16:19.4,511
10:16:19.4,512
10:16:19.4,512
10:16:19.4,512
10:16:19.4,512
10:16:19.4,512
10:16:19.5,512
10:16:19.5,512
10:16:19.5,512
10:16:19.5,512
10:16:19.5,512
10:16:19.5,512
10:16:19.5,512
10:16:19.5,512
10:16:19.6,512
10:16:19.6,512
10:16:19.6,512
10:16:19.6,512
10:16:19.6,512
10:16:19.6,512
10:16:19.6,512
10:16:19.6,512
10:16:19.6,512
10:16:19.6,512
10:16:19.6,512
10:16:19.6,512
10:16:19.6,512
10:16:19.6,512
10:16:19.6,512
10:16:19.6,512
10:16:19.6,512
10:16:19.6,512
10:16:19.6,512
10:16:19.6,512
10:16:19.6,512
10:16:19.6,512
10:16:19.6,512
10:16:19.6,512
10:16:19.6,512
10:16:19.6,512
10:16:19.6,512
10:16:19.6,512
10:16:19.6,512
10:16:19.6,512
10:16:19.6,512
10:16:19.6,512
10:16:19.6,512
10:16:19.6,512
10:16:19.6,512
10:16:19.6,512
10:16:19.6,512
10:16:19.6,512
10:16:19.6,511
10:16:19.6,512
10:16:19.6,511
10:16:19.6,511
10:16:19.8,512
10:16:19.8,512
10:16:19.8,512
10:16:19.8,512
10:16:19.8,512
10:16:19.8,512
10:16:19.8,512
10:16:19.8,512
10:16:19.8,512
10:16:19.8,512
10:16:19.8,512
10:16:19.8,512
10:16:19.8,512
10:16:19.8,512
10:16:19.8,512
10:16:19.8,512
10:16:19.9,512
10:16:19.9,512
10:16:19.9,512
10:16:19.9,512
10:16:19.9,512
10:16:19.9,512
10:16:19.9,513
10:16:19.9,512
10:16:19.9,512
10:16:19.9,512
10:16:19.9,512
10:16:19.9,511
10:16:19.9,512
10:16:19.9,510
10:16:19.9,510
10:16:19.9,509
10:16:19.9,511
10:16:19.9,512
10:16:19.9,513
10:16:19.9,516
10:16:19.9,529
10:16:19.9,530
10:16:19.9,519
10:16:19.9,513
10:16:19.9,512
10:16:19.9,512
10:16:19.9,512
10:16:19.9,512
10:16:19.9,512
10:16:19.9,512
10:16:19.9,512
10:16:19.9,512
10:16:19.9,513
10:16:19.9,512
10:16:19.9,513
10:16:19.9,512
10:16:19.9,512
10:16:19.9,512
10:16:19.9,512
10:16:19.9,512
10:16:19.9,512
10:16:19.9,512
10:16:19.9,512
10:16:19.9,512
10:16:19.9,511
10:16:19.9,512
10:16:19.9,512
10:16:19.9,512
10:16:19.9,512
10:16:19.9,512
10:16:19.9,512
10:16:19.9,512
10:16:19.9,512
10:16:19.9,512
10:16:19.9,512
10:16:19.9,512
10:16:19.9,512
10:16:19.9,512
10:16:19.9,512
10:16:19.9,512
10:16:19.9,512
10:16:19.9,512
10:16:19.9,512
10:16:19.9,512
10:16:19.9,512
10:16:19.9,512
10:16:19.9,512
10:16:19.9,512
10:16:19.9,512
10:16:19.9,512
10:16:19.9,512
10:16:19.9,512
10:16:19.9,512
10:16:19.9,512
10:16:19.9,512
10:16:19.9,512
10:16:19.9,512
10:16:19.9,512
10:16:19.9,512
10:16:19.9,512
10:16:19.9,512
10:16:19.9,511
10:16:19.9,511
10:16:19.9,511
10:16:19.9,511
10:16:19.9,512
10:16:19.9,512
10:16:19.9,512
10:16:19.9,512
10:16:19.9,512
10:16:19.9,512
10:16:19.9,512
10:16:19.9,512
10:16:19.9,512
10:16:19.9,512
10:16:19.9,512
10:16:19.9,512
10:16:19.9,512
10:16:19.9,513
10:16:19.9,512
10:16:19.9,512
10:16:19.9,512
10:16:19.9,512
10:16:19.9,512
10:16:19.9,512
10:16:19.9,512
10:16:19.9,512
10:16:19.9,512
10:16:19.9,512
10:16:19.9,512
10:16:19.9,513
10:16:19.9,512
10:16:19.9,512
10:16:19.9,512
10:16:19.9,511
10:16:19.9,511
10:16:19.9,510
10:16:19.9,509
10:16:19.9,510
10:16:19.9,511
10:16:19.9,512
10:16:19.9,514
10:16:19.9,523
10:16:19.9,533
10:16:19.9,523
10:16:19.9,515
10:16:19.9,512
10:16:20.5,512
10:16:20.5,512
10:16:20.5,512
10:16:20.5,512
10:16:20.5,512
10:16:20.5,512
10:16:20.5,512
10:16:20.5,512
10:16:20.5,512
10:16:20.6,512
10:16:20.6,512
10:16:20.6,512
10:16:20.6,512
10:16:20.6,512
10:16:20.6,512
10:16:20.6,512
10:16:20.6,512
10:16:20.6,512
10:16:20.6,512
10:16:20.6,512
10:16:20.6,512
10:16:20.6,512
10:16:20.6,512
10:16:20.6,512
10:16:20.6,512
10:16:20.6,512
10:16:20.6,512
10:16:20.6,512
10:16:20.6,511
10:16:20.7,511
10:16:20.7,512
10:16:20.7,512
10:16:20.7,512
10:16:20.7,512
10:16:20.7,512
10:16:20.7,512
10:16:20.7,512
10:16:20.8,513
10:16:20.8,512
10:16:20.8,512
10:16:20.8,512
10:16:20.8,513
10:16:20.8,511
10:16:20.8,512
10:16:20.8,512
10:16:20.8,512
10:16:20.8,512
10:16:20.8,512
10:16:20.8,512
10:16:20.8,512
10:16:20.8,512
10:16:20.8,512
10:16:20.8,512
10:16:20.8,512
10:16:20.8,512
10:16:20.8,512
10:16:20.8,512
10:16:20.8,512
10:16:20.8,512
10:16:20.8,511
10:16:20.8,511
10:16:20.8,512
10:16:20.8,512
10:16:20.8,512
10:16:20.8,512
10:16:20.8,511
10:16:20.8,512
10:16:20.8,512
10:16:20.8,512
10:16:20.8,512
10:16:20.8,512
10:16:20.8,512
10:16:20.8,513
10:16:20.8,512
10:16:20.8,512
10:16:20.8,512
10:16:20.8,512
10:16:20.8,512
10:16:20.8,512
10:16:20.8,512
10:16:20.8,511
10:16:20.8,512
10:16:20.8,512
10:16:20.8,512
10:16:20.8,512
10:16:20.8,512
10:16:20.8,512
10:16:20.8,512
10:16:20.8,512
10:16:20.8,512
10:16:20.8,512
10:16:20.8,512
10:16:20.8,510
10:16:20.8,509
10:16:20.8,509
10:16:20.8,511
10:16:20.8,511
10:16:20.8,512
10:16:20.8,514
10:16:20.8,522
10:16:20.8,533
10:16:20.8,526
10:16:20.8,517
10:16:20.8,513
10:16:20.8,512
10:16:20.8,512
10:16:20.8,512
10:16:20.8,512
10:16:20.8,512
10:16:20.8,511
10:16:20.8,512
10:16:20.8,512
10:16:20.8,512
10:16:20.8,512
10:16:20.8,513
10:16:20.8,512
10:16:20.8,512
10:16:20.8,512
10:16:20.8,512
10:16:20.8,512
10:16:20.8,512
10:16:20.8,513
10:16:20.8,512
10:16:20.8,512
10:16:20.8,512
10:16:20.8,512
10:16:20.8,512
10:16:20.8,512
10:16:20.8,512
10:16:21.2,513
10:16:21.2,512
10:16:21.3,512
10:16:21.3,512
10:16:21.3,512
10:16:21.3,512
10:16:21.3,512
10:16:21.3,512
10:16:21.3,512
10:16:21.3,512
10:16:21.3,512
10:16:21.3,512
10:16:21.3,512
10:16:21.3,512
10:16:21.3,512
10:16:21.3,512
10:16:21.3,512
10:16:21.3,512
10:16:21.3,512
10:16:21.3,512
10:16:21.3,512
10:16:21.3,512
10:16:21.3,512
10:16:21.3,512
10:16:21.3,512
10:16:21.3,512
10:16:21.3,512
10:16:21.3,512
10:16:21.3,512
10:16:21.3,512
10:16:21.3,512
10:16:21.3,512
10:16:21.3,512
10:16:21.3,512
10:16:21.3,512
10:16:21.3,512
10:16:21.3,511
10:16:21.3,512
10:16:21.3,511
10:16:21.3,511
10:16:21.3,511
10:16:21.3,512
10:16:21.3,512
10:16:21.3,512
10:16:21.3,512
10:16:21.3,512
10:16:21.3,512
10:16:21.3,512
10:16:21.3,512
10:16:21.3,513
10:16:21.3,512
10:16:21.3,512
10:16:21.3,512
10:16:21.3,512
10:16:21.3,512
10:16:21.3,512
10:16:21.3,512
10:16:21.3,512
10:16:21.3,512
10:16:21.3,512
10:16:21.3,512
10:16:21.5,512
10:16:21.5,512
10:16:21.5,512
10:16:21.5,512
10:16:21.5,512
10:16:21.5,512
10:16:21.5,512
10:16:21.5,513
10:16:21.5,512
10:16:21.5,512
10:16:21.5,511
10:16:21.5,512
10:16:21.5,511
10:16:21.5,512
10:16:21.5,512
10:16:21.5,511
10:16:21.5,510
10:16:21.5,511
10:16:21.5,510
10:16:21.5,509
10:16:21.5,509
10:16:21.5,510
10:16:21.5,511
10:16:21.5,511
10:16:21.5,512
10:16:21.5,512
10:16:21.5,517
10:16:21.5,527
10:16:21.5,532
10:16:21.5,526
10:16:21.5,518
10:16:21.5,514
10:16:21.5,512
10:16:21.5,512
10:16:21.5,512
10:16:21.5,512
10:16:21.5,512
10:16:21.5,512
10:16:21.5,512
10:16:21.5,512
10:16:21.5,511
10:16:21.5,512
10:16:21.5,512
10:16:21.5,512
10:16:21.5,513
10:16:21.5,512
10:16:21.5,512
10:16:21.5,512
10:16:21.5,512
10:16:21.5,512
10:16:21.5,512
10:16:21.5,512
10:16:21.5,512
10:16:21.5,512
10:16:21.5,512
10:16:21.5,512
10:16:21.5,512
10:16:21.5,512
10:16:21.5,512
10:16:21.5,512
10:16:21.5,512
10:16:21.5,512
10:16:21.5,512
10:16:21.5,512
10:16:21.5,512
10:16:21.5,512
10:16:21.5,512
10:16:21.5,512
10:16:21.5,512
10:16:21.5,512
10:16:21.5,512
10:16:21.5,512
10:16:21.5,512
10:16:21.5,512
10:16:21.5,512
10:16:21.5,512
10:16:21.5,512
10:16:21.5,512
10:16:21.5,512
10:16:21.5,512
10:16:21.5,512
10:16:21.5,512
10:16:21.5,512
10:16:21.5,512
10:16:21.5,512
10:16:21.5,512
10:16:21.5,512
10:16:21.5,512
10:16:21.5,512
10:16:22.0,512
10:16:22.0,513
10:16:22.0,512
10:16:22.0,512
10:16:22.0,512
10:16:22.0,512
10:16:22.0,512
10:16:22.0,512
10:16:22.0,512
10:16:22.0,512
10:16:22.0,512
10:16:22.0,512
10:16:22.0,512
10:16:22.0,512
10:16:22.0,512
10:16:22.0,512
10:16:22.0,512
10:16:22.0,512
10:16:22.0,512
10:16:22.0,512
10:16:22.0,512
10:16:22.0,512
10:16:22.0,512
10:16:22.0,512
10:16:22.0,512
10:16:22.0,512
10:16:22.0,512
10:16:22.0,512
10:16:22.0,512
10:16:22.0,512
10:16:22.0,512
10:16:22.0,512
10:16:22.0,512
10:16:22.0,512
10:16:22.0,511
10:16:22.0,512
10:16:22.0,512
10:16:22.0,512
10:16:22.0,512
10:16:22.0,511
10:16:22.0,512
10:16:22.0,511
10:16:22.0,512
10:16:22.0,511
10:16:22.0,511
10:16:22.0,512
10:16:22.0,512
10:16:22.0,512
10:16:22.0,512
10:16:22.0,512
10:16:22.0,512
10:16:22.0,512
10:16:22.0,512
10:16:22.0,512
10:16:22.0,512
10:16:22.0,512
10:16:22.0,512
10:16:22.0,512
10:16:22.0,512
10:16:22.0,512
10:16:22.3,512
10:16:22.3,512
10:16:22.3,512
10:16:22.3,512
10:16:22.3,513
10:16:22.3,512
10:16:22.3,512
10:16:22.3,512
10:16:22.3,512
10:16:22.3,512
10:16:22.3,512
10:16:22.3,512
10:16:22.3,512
10:16:22.3,512
10:16:22.3,512
10:16:22.3,512
10:16:22.3,512
10:16:22.3,512
10:16:22.3,512
10:16:22.3,512
10:16:22.3,512
10:16:22.3,512
10:16:22.3,512
10:16:22.3,512
10:16:22.3,512
10:16:22.3,512
10:16:22.3,512
10:16:22.3,512
10:16:22.3,513
10:16:22.3,512
10:16:22.3,512
10:16:22.3,512
10:16:22.3,512
10:16:22.3,512
10:16:22.3,512
10:16:22.3,512
10:16:22.3,512
10:16:22.3,512
10:16:22.3,512
10:16:22.3,512
10:16:22.3,511
10:16:22.3,511
10:16:22.3,510
10:16:22.3,509
10:16:22.3,509
10:16:22.3,509
10:16:22.3,510
10:16:22.3,510
10:16:22.3,511
10:16:22.3,511
10:16:22.3,511
10:16:22.3,512
10:16:22.3,514
10:16:22.3,518
10:16:22.3,527
10:16:22.3,532
10:16:22.3,529
10:16:22.3,522
10:16:22.3,517
10:16:22.3,514
10:16:22.3,513
10:16:22.3,512
10:16:22.3,512
10:16:22.3,512
10:16:22.3,512
10:16:22.3,512
10:16:22.3,512
10:16:22.3,512
10:16:22.3,512
10:16:22.3,512
10:16:22.3,512
10:16:22.3,512
10:16:22.3,512
10:16:22.7,512
10:16:22.7,512
10:16:22.7,512
10:16:22.7,512
10:16:22.7,512
10:16:22.7,512
10:16:22.7,513
10:16:22.7,512
10:16:22.7,512
10:16:22.7,512
10:16:22.7,512
10:16:22.7,512
10:16:22.7,512
10:16:22.7,512
10:16:22.7,512
10:16:22.7,512
10:16:22.7,512
10:16:22.8,512
10:16:22.8,512
10:16:22.8,512
10:16:22.8,512
10:16:22.8,512
10:16:22.8,512
10:16:22.8,512
10:16:22.8,512
10:16:22.8,512
10:16:22.8,512
10:16:22.8,512
10:16:22.8,512
10:16:22.8,512
10:16:22.8,512
10:16:22.8,512
10:16:22.8,512
10:16:22.8,512
10:16:22.8,512
10:16:22.8,512
10:16:22.8,512
10:16:22.8,512
10:16:22.8,512
10:16:22.8,512
10:16:22.8,512
10:16:22.8,512
10:16:22.8,512
10:16:22.8,512
10:16:22.8,512
10:16:22.8,513
10:16:22.8,513
10:16:22.8,512
10:16:22.8,512
10:16:22.8,512
10:16:22.8,512
10:16:22.8,512
10:16:22.8,512
10:16:22.8,512
10:16:22.8,512
10:16:22.8,512
10:16:22.8,512
10:16:22.8,513
10:16:22.8,512
10:16:22.8,512
10:16:22.8,512
10:16:22.8,512
10:16:22.8,512
10:16:22.8,512
10:16:22.8,512
10:16:22.8,512
10:16:23.0,512
10:16:23.0,512
10:16:23.0,512
10:16:23.0,512
10:16:23.0,512
10:16:23.0,512
10:16:23.0,512
10:16:23.0,511
10:16:23.1,511
10:16:23.1,511
10:16:23.1,512
10:16:23.1,511
10:16:23.1,512
10:16:23.1,512
10:16:23.1,512
10:16:23.1,512
10:16:23.1,512
10:16:23.1,512
10:16:23.1,512
10:16:23.1,512
10:16:23.1,512
10:16:23.1,512
10:16:23.1,512
10:16:23.1,512
10:16:23.1,512
10:16:23.1,512
10:16:23.1,512
10:16:23.1,512
10:16:23.1,512
10:16:23.1,512
10:16:23.1,513
10:16:23.1,512
10:16:23.1,512
10:16:23.1,513
10:16:23.1,512
10:16:23.1,512
10:16:23.1,512
10:16:23.1,512
10:16:23.1,512
10:16:23.1,511
10:16:23.1,512
10:16:23.1,512
10:16:23.1,512
10:16:23.2,512
10:16:23.2,512
10:16:23.2,512
10:16:23.2,512
10:16:23.2,512
10:16:23.2,512
10:16:23.2,511
10:16:23.2,512
10:16:23.3,512
10:16:23.3,511
10:16:23.3,511
10:16:23.3,510
10:16:23.3,509
10:16:23.3,509
10:16:23.3,510
10:16:23.3,511
10:16:23.3,511
10:16:23.3,511
10:16:23.3,513
10:16:23.3,520
10:16:23.3,530
10:16:23.4,530
10:16:23.4,522
10:16:23.4,516
10:16:23.4,513
10:16:23.4,512
10:16:23.4,511
10:16:23.4,512
10:16:23.4,512
10:16:23.4,512
10:16:23.4,512
10:16:23.4,512
10:16:23.4,512
10:16:23.4,512
10:16:23.4,512
10:16:23.4,512
10:16:23.4,513
10:16:23.4,512
10:16:23.4,512
10:16:23.4,512
10:16:23.4,512
10:16:23.4,512
10:16:23.4,512
10:16:23.4,512
10:16:23.4,512
10:16:23.4,512
10:16:23.4,512
10:16:23.5,512
10:16:23.5,512
10:16:23.5,512
10:16:23.5,512
10:16:23.5,512
10:16:23.5,512
10:16:23.5,512
10:16:23.5,512
10:16:23.5,513
10:16:23.5,512
10:16:23.5,512
10:16:23.5,512
10:16:23.5,512
10:16:23.6,512
10:16:23.6,512
10:16:23.6,512
10:16:23.6,512
10:16:23.6,512
10:16:23.6,512
10:16:23.6,512
10:16:23.6,512
10:16:23.6,512
10:16:23.6,513
10:16:23.6,512
10:16:23.6,513
10:16:23.6,512
10:16:23.6,512
10:16:23.6,512
10:16:23.6,512
10:16:23.6,513
10:16:23.6,512
10:16:23.6,512
10:16:23.6,512
10:16:23.6,512
10:16:23.6,512
10:16:23.6,512
10:16:23.6,512
10:16:23.6,512
10:16:23.6,512
10:16:23.6,512
10:16:23.6,512
10:16:23.6,512
10:16:23.6,512
10:16:23.6,512
10:16:23.6,512
10:16:23.6,511
10:16:23.6,512
10:16:23.6,512
10:16:23.6,512
10:16:23.6,512
10:16:23.6,512
10:16:23.6,511
10:16:23.6,511
10:16:23.6,511
10:16:23.6,511
10:16:23.6,511
10:16:23.6,511
10:16:23.6,512
10:16:23.6,511
10:16:23.6,511
10:16:23.6,512
10:16:23.6,512
10:16:23.6,511
10:16:23.8,512
10:16:23.8,512
10:16:23.8,512
10:16:23.8,512
10:16:23.8,513
10:16:23.8,512
10:16:23.8,512
10:16:23.8,512
10:16:23.8,512
10:16:23.8,512
10:16:23.8,512
10:16:23.8,512
10:16:23.8,513
10:16:23.8,512
10:16:23.8,512
10:16:23.8,512
10:16:23.9,512
10:16:23.9,512
10:16:23.9,512
10:16:23.9,512
10:16:23.9,512
10:16:23.9,512
10:16:23.9,512
10:16:23.9,512
10:16:23.9,512
10:16:23.9,512
10:16:23.9,512
10:16:23.9,512
10:16:23.9,512
10:16:23.9,512
10:16:23.9,511
10:16:23.9,511
10:16:23.9,510
10:16:23.9,510
10:16:23.9,509
10:16:23.9,509
10:16:23.9,510
10:16:23.9,511
10:16:23.9,511
10:16:23.9,512
10:16:23.9,516
10:16:23.9,526
10:16:23.9,533
10:16:23.9,525
10:16:23.9,517
10:16:23.9,514
10:16:23.9,512
10:16:23.9,512
10:16:23.9,512
10:16:23.9,512
10:16:23.9,512
10:16:23.9,512
10:16:23.9,512
10:16:23.9,511
10:16:23.9,511
10:16:23.9,512
10:16:23.9,512
10:16:23.9,513
10:16:23.9,512
10:16:24.1,512
10:16:24.1,512
10:16:24.1,512
10:16:24.1,512
10:16:24.1,512
10:16:24.1,512
10:16:24.1,512
10:16:24.1,513
10:16:24.2,512
10:16:24.2,512
10:16:24.2,512
10:16:24.2,512
10:16:24.2,512
10:16:24.2,512
10:16:24.2,512
10:16:24.2,512
10:16:24.2,512
10:16:24.2,512
10:16:24.2,512
10:16:24.2,512
10:16:24.2,512
10:16:24.2,512
10:16:24.2,512
10:16:24.2,512
10:16:24.2,512
10:16:24.2,512
10:16:24.3,512
10:16:24.3,512
10:16:24.3,512
10:16:24.3,512
10:16:24.3,512
10:16:24.3,512
10:16:24.3,512
10:16:24.3,512
10:16:24.3,512
10:16:24.3,512
10:16:24.3,512
10:16:24.3,512
10:16:24.3,512
10:16:24.3,512
10:16:24.3,511
10:16:24.3,512
10:16:24.3,512
10:16:24.3,512
10:16:24.3,512
10:16:24.3,512
10:16:24.3,512
10:16:24.3,512
10:16:24.3,512
10:16:24.3,512
10:16:24.3,512
10:16:24.4,512
10:16:24.4,512
10:16:24.4,511
10:16:24.4,512
10:16:24.4,512
10:16:24.4,512
10:16:24.4,511
10:16:24.4,511
10:16:24.4,511
10:16:24.4,511
10:16:24.4,512
10:16:24.4,512
10:16:24.4,512
10:16:24.4,512
10:16:24.4,512
10:16:24.4,511
10:16:24.4,512
10:16:24.5,512
10:16:24.5,512
10:16:24.5,512
10:16:24.5,512
10:16:24.5,512
10:16:24.5,512
10:16:24.5,512
10:16:24.5,513
10:16:24.5,512
10:16:24.5,512
10:16:24.5,512
10:16:24.5,512
10:16:24.5,512
10:16:24.5,511
10:16:24.5,512
10:16:24.5,512
10:16:24.5,512
10:16:24.5,512
10:16:24.5,512
10:16:24.5,512
10:16:24.5,512
10:16:24.5,512
10:16:24.5,512
10:16:24.5,512
10:16:24.5,511
10:16:24.5,512
10:16:24.5,511
10:16:24.5,510
10:16:24.5,509
10:16:24.5,509
10:16:24.6,510
10:16:24.6,510
10:16:24.6,511
10:16:24.6,512
10:16:24.6,516
10:16:24.6,527
10:16:24.6,531
10:16:24.6,522
10:16:24.6,516
10:16:24.6,513
10:16:24.6,512
10:16:24.6,512
10:16:24.6,511
10:16:24.6,512
10:16:24.6,512
10:16:24.6,512
10:16:24.6,512
10:16:24.6,512
10:16:24.6,512
10:16:24.6,512
10:16:24.6,513
10:16:24.6,513
10:16:24.6,512
10:16:24.6,512
10:16:24.6,512
10:16:24.6,512
10:16:24.6,512
10:16:24.6,512
10:16:24.6,512
10:16:24.8,512
10:16:24.8,513
10:16:24.8,512
10:16:24.8,512
10:16:24.8,512
10:16:24.8,512
10:16:24.8,512
10:16:24.8,512
10:16:24.8,512
10:16:24.8,512
10:16:24.8,512
10:16:24.8,512
10:16:24.8,512
10:16:24.8,511
10:16:24.8,512
10:16:24.8,511
10:16:24.8,512
10:16:24.8,512
10:16:24.8,512
10:16:24.8,512
10:16:24.8,512
10:16:24.8,511
10:16:24.8,512
10:16:24.8,512
10:16:24.8,512
10:16:24.8,512
10:16:24.8,512
10:16:24.8,512
10:16:24.8,512
10:16:24.9,512
10:16:24.9,512
10:16:24.9,512
10:16:24.9,512
10:16:25.0,512
10:16:25.0,512
10:16:25.0,512
10:16:25.0,512
10:16:25.0,512
10:16:25.0,512
10:16:25.0,512
10:16:25.0,512
10:16:25.0,512
10:16:25.0,512
10:16:25.0,512
10:16:25.0,512
10:16:25.0,511
10:16:25.0,511
10:16:25.0,512
10:16:25.0,511
10:16:25.0,511
10:16:25.0,512
10:16:25.0,512
10:16:25.0,512
10:16:25.0,512
10:16:25.1,512
10:16:25.1,512
10:16:25.1,512
10:16:25.1,511
10:16:25.1,512
10:16:25.1,512
10:16:25.1,513
10:16:25.1,513
10:16:25.1,512
10:16:25.1,512
10:16:25.1,512
10:16:25.1,512
10:16:25.1,512
10:16:25.1,512
10:16:25.1,512
10:16:25.1,512
10:16:25.1,512
10:16:25.1,512
10:16:25.1,512
10:16:25.1,512
10:16:25.1,512
10:16:25.1,512
10:16:25.1,512
10:16:25.1,512
10:16:25.1,512
10:16:25.1,512
10:16:25.1,512
10:16:25.1,512
10:16:25.1,511
10:16:25.1,512
10:16:25.1,510
10:16:25.1,510
10:16:25.2,509
10:16:25.2,510
10:16:25.2,511
10:16:25.2,512
10:16:25.2,513
10:16:25.2,518
10:16:25.2,529
10:16:25.2,531
10:16:25.2,521
10:16:25.2,514
10:16:25.2,512
10:16:25.2,512
10:16:25.2,512
10:16:25.2,512
10:16:25.2,512
10:16:25.2,512
10:16:25.2,512
10:16:25.2,512
10:16:25.2,513
10:16:25.2,512
10:16:25.2,513
10:16:25.2,513
10:16:25.2,513
10:16:25.2,512
10:16:25.4,512
10:16:25.4,512
10:16:25.4,512
10:16:25.4,512
10:16:25.4,512
10:16:25.4,512
10:16:25.4,512
10:16:25.4,513
10:16:25.4,512
10:16:25.4,512
10:16:25.4,512
10:16:25.4,512
10:16:25.4,512
10:16:25.4,513
10:16:25.4,512
10:16:25.4,512
10:16:25.4,512
10:16:25.4,512
10:16:25.4,512
10:16:25.4,512
10:16:25.4,512
10:16:25.4,512
10:16:25.4,512
10:16:25.4,512
10:16:25.4,512
10:16:25.4,512
10:16:25.4,512
10:16:25.4,512
10:16:25.5,512
10:16:25.5,512
10:16:25.5,512
10:16:25.5,512
10:16:25.5,512
10:16:25.5,512
10:16:25.5,512
10:16:25.5,512
10:16:25.5,512
10:16:25.5,512
10:16:25.5,513
10:16:25.5,512
10:16:25.5,512
10:16:25.5,512
10:16:25.5,512
10:16:25.5,513
10:16:25.5,512
10:16:25.5,513
10:16:25.5,512
10:16:25.5,512
10:16:25.5,511
10:16:25.5,511
10:16:25.5,511
10:16:25.5,511
10:16:25.5,511
10:16:25.5,512
10:16:25.5,512
10:16:25.5,512
10:16:25.5,512
10:16:25.5,512
10:16:25.5,512
10:16:25.5,512
10:16:25.5,512
10:16:25.5,512
10:16:25.5,512
10:16:25.5,512
10:16:25.5,512
10:16:25.5,512
10:16:25.5,512
10:16:25.5,512
10:16:25.5,512
10:16:25.5,512
10:16:25.5,513
10:16:25.5,512
10:16:25.5,512
10:16:25.5,512
10:16:25.5,512
10:16:25.5,512
10:16:25.5,512
10:16:25.5,512
10:16:25.5,512
10:16:25.5,512
10:16:25.5,512
10:16:25.5,512
10:16:25.5,512
10:16:25.5,512
10:16:25.5,512
10:16:25.5,510
10:16:25.5,510
10:16:25.5,510
10:16:25.5,510
10:16:25.5,512
10:16:25.5,512
10:16:25.5,514
10:16:25.5,522
10:16:25.5,533
10:16:25.5,526
10:16:25.5,516
10:16:25.5,513
10:16:25.9,512
10:16:25.9,511
10:16:25.9,512
10:16:25.9,512
10:16:25.9,512
10:16:25.9,512
10:16:25.9,512
10:16:25.9,512
10:16:25.9,512
10:16:25.9,512
10:16:25.9,512
10:16:25.9,512
10:16:25.9,512
10:16:25.9,512
10:16:25.9,512
10:16:25.9,512
10:16:25.9,512
10:16:25.9,512
10:16:25.9,512
10:16:25.9,512
10:16:25.9,512
10:16:25.9,512
10:16:25.9,512
10:16:25.9,512
10:16:25.9,512
10:16:25.9,512
10:16:25.9,512
10:16:25.9,512
10:16:25.9,512
10:16:25.9,512
10:16:25.9,512
10:16:25.9,512
10:16:25.9,512
10:16:26.1,512
10:16:26.1,512
10:16:26.1,512
10:16:26.1,511
10:16:26.1,512
10:16:26.1,512
10:16:26.1,512
10:16:26.1,512
10:16:26.1,512
10:16:26.1,512
10:16:26.1,513
10:16:26.1,512
10:16:26.1,512
10:16:26.1,512
10:16:26.1,512
10:16:26.1,512
10:16:26.1,513
10:16:26.1,512
10:16:26.1,512
10:16:26.1,512
10:16:26.1,512
10:16:26.2,512
10:16:26.2,512
10:16:26.2,512
10:16:26.2,512
10:16:26.2,512
10:16:26.2,512
10:16:26.2,511
10:16:26.2,511
10:16:26.2,511
10:16:26.2,510
10:16:26.2,511
10:16:26.2,512
10:16:26.2,512
10:16:26.2,512
10:16:26.2,512
10:16:26.2,512
10:16:26.2,512
10:16:26.2,512
10:16:26.2,512
10:16:26.2,512
10:16:26.2,512
10:16:26.2,513
10:16:26.2,512
10:16:26.2,512
10:16:26.2,513
10:16:26.2,512
10:16:26.2,513
10:16:26.2,512
10:16:26.2,512
10:16:26.2,512
10:16:26.2,512
10:16:26.2,512
10:16:26.3,512
10:16:26.3,513
10:16:26.3,512
10:16:26.3,512
10:16:26.3,512
10:16:26.3,512
10:16:26.3,512
10:16:26.3,512
10:16:26.3,512
10:16:26.3,512
10:16:26.3,510
10:16:26.3,509
10:16:26.3,509
10:16:26.3,510
10:16:26.3,512
10:16:26.3,512
10:16:26.3,514
10:16:26.3,523
10:16:26.3,533
10:16:26.3,525
10:16:26.3,516
10:16:26.3,513
10:16:26.3,512
10:16:26.3,512
10:16:26.3,512
10:16:26.3,512
10:16:26.3,512
10:16:26.3,512
10:16:26.3,512
10:16:26.3,512
10:16:26.3,513
10:16:26.3,512
10:16:26.3,512
10:16:26.3,513
10:16:26.3,512
10:16:26.3,513
10:16:26.3,512
10:16:26.3,512
10:16:26.3,512
10:16:26.3,512
10:16:26.3,512
10:16:26.3,512
10:16:26.3,512
10:16:26.3,512
10:16:26.3,512
10:16:26.3,512
10:16:26.3,512
10:16:26.3,512
10:16:26.3,513
10:16:26.3,512
10:16:26.3,512
10:16:26.3,512
10:16:26.3,512
10:16:26.3,512
10:16:26.3,512
10:16:26.6,512
10:16:26.6,512
10:16:26.6,512
10:16:26.6,512
10:16:26.6,512
10:16:26.6,512
10:16:26.6,512
10:16:26.6,512
10:16:26.6,512
10:16:26.6,512
10:16:26.6,512
10:16:26.6,512
10:16:26.6,512
10:16:26.6,512
10:16:26.6,512
10:16:26.6,512
10:16:26.6,512
10:16:26.6,512
10:16:26.6,512
10:16:26.6,511
10:16:26.6,512
10:16:26.6,512
10:16:26.6,512
10:16:26.6,512
10:16:26.6,512
10:16:26.6,512
10:16:26.6,511
10:16:26.6,512
10:16:26.6,510
10:16:26.6,512
10:16:26.6,512
10:16:26.6,512
10:16:26.8,512
10:16:26.8,512
10:16:26.8,512
10:16:26.8,512
10:16:26.8,512
10:16:26.8,512
10:16:26.8,513
10:16:26.8,512
10:16:26.8,512
10:16:26.8,512
10:16:26.8,512
10:16:26.8,513
10:16:26.8,512
10:16:26.8,512
10:16:26.8,513
10:16:26.8,512
10:16:26.8,512
10:16:26.8,512
10:16:26.8,512
10:16:26.8,512
10:16:26.8,512
10:16:26.8,513
10:16:26.8,512
10:16:26.9,512
10:16:26.9,512
10:16:26.9,512
10:16:26.9,512
10:16:26.9,512
10:16:26.9,511
10:16:26.9,510
10:16:26.9,509
10:16:26.9,509
10:16:26.9,510
10:16:26.9,511
10:16:26.9,512
10:16:26.9,513
10:16:26.9,519
10:16:26.9,532
10:16:26.9,529
10:16:26.9,518
10:16:26.9,513
10:16:26.9,512
10:16:26.9,512
10:16:26.9,512
10:16:26.9,512
10:16:26.9,512
10:16:27.0,511
10:16:27.0,512
10:16:27.0,512
10:16:27.0,512
10:16:27.0,512
10:16:27.0,512
10:16:27.0,512
10:16:27.0,512
10:16:27.0,512
10:16:27.1,512
10:16:27.1,512
10:16:27.1,512
10:16:27.1,512
10:16:27.1,512
10:16:27.1,512
10:16:27.1,512
10:16:27.1,512
10:16:27.1,512
10:16:27.1,512
10:16:27.1,512
10:16:27.1,512
10:16:27.1,513
10:16:27.1,512
10:16:27.1,512
10:16:27.1,511
10:16:27.1,511
10:16:27.1,512
10:16:27.1,512
10:16:27.1,512
10:16:27.1,512
10:16:27.1,512
10:16:27.1,512
10:16:27.1,512
10:16:27.4,512
10:16:27.4,512
10:16:27.4,512
10:16:27.4,512
10:16:27.4,512
10:16:27.4,512
10:16:27.4,512
10:16:27.4,511
10:16:27.4,512
10:16:27.4,512
10:16:27.4,512
10:16:27.4,512
10:16:27.4,512
10:16:27.4,512
10:16:27.4,512
10:16:27.4,512
10:16:27.4,512
10:16:27.4,512
10:16:27.4,512
10:16:27.4,512
10:16:27.4,512
10:16:27.4,512
10:16:27.4,511
10:16:27.4,511
10:16:27.4,511
10:16:27.4,511
10:16:27.4,512
10:16:27.4,512
10:16:27.4,512
10:16:27.4,512
10:16:27.4,512
10:16:27.4,512
10:16:27.4,513
10:16:27.4,512
10:16:27.4,512
10:16:27.4,512
10:16:27.4,512
10:16:27.4,512
10:16:27.4,512
10:16:27.4,512
10:16:27.4,512
10:16:27.4,512
10:16:27.4,512
10:16:27.4,512
10:16:27.4,512
10:16:27.4,512
10:16:27.4,512
10:16:27.4,512
10:16:27.4,512
10:16:27.4,512
10:16:27.4,512
10:16:27.4,512
10:16:27.4,512
10:16:27.4,512
10:16:27.5,511
10:16:27.5,510
10:16:27.5,509
10:16:27.5,510
10:16:27.5,511
10:16:27.5,512
10:16:27.5,512
10:16:27.5,515
10:16:27.5,528
10:16:27.5,531
10:16:27.5,520
10:16:27.5,514
10:16:27.5,512
10:16:27.5,512
10:16:27.5,512
10:16:27.5,512
10:16:27.5,512
10:16:27.5,512
10:16:27.5,512
10:16:27.5,512
10:16:27.5,512
10:16:27.5,512
10:16:27.5,512
10:16:27.5,512
10:16:27.5,512
10:16:27.5,512
10:16:27.5,512
10:16:27.5,512
10:16:27.5,512
10:16:27.5,512
10:16:27.5,512
10:16:27.5,512
10:16:27.5,512
10:16:27.5,512
10:16:27.5,512
10:16:27.7,511
10:16:27.7,512
10:16:27.7,513
10:16:27.7,513
10:16:27.7,512
10:16:27.7,512
10:16:27.7,512
10:16:27.7,512
10:16:27.7,511
10:16:27.7,512
10:16:27.7,512
10:16:27.7,512
10:16:27.7,512
10:16:27.7,512
10:16:27.7,512
10:16:27.7,512
10:16:27.7,512
10:16:27.7,512
10:16:27.7,512
10:16:27.7,512
10:16:27.7,512
10:16:27.7,512
10:16:27.7,511
10:16:27.7,512
10:16:27.7,512
10:16:27.7,512
10:16:27.7,512
10:16:27.7,512
10:16:27.7,513
10:16:27.7,511
10:16:27.7,512
10:16:27.7,512
10:16:27.7,512
10:16:27.7,512
10:16:27.7,512
10:16:27.7,512
10:16:27.7,512
10:16:27.7,511
10:16:27.7,511
10:16:27.7,512
10:16:27.7,512
10:16:27.7,512
10:16:27.7,512
10:16:27.9,512
10:16:27.9,512
10:16:27.9,512
10:16:27.9,512
10:16:27.9,512
10:16:27.9,512
10:16:27.9,512
10:16:27.9,512
10:16:27.9,512
10:16:27.9,512
10:16:27.9,513
10:16:27.9,513
10:16:27.9,512
10:16:27.9,512
10:16:27.9,512
10:16:27.9,512
10:16:27.9,512
10:16:27.9,512
10:16:27.9,512
10:16:27.9,512
10:16:27.9,512
10:16:27.9,512
10:16:27.9,512
10:16:27.9,512
10:16:27.9,512
10:16:27.9,511
10:16:27.9,511
10:16:27.9,510
10:16:27.9,509
10:16:27.9,510
10:16:27.9,511
10:16:27.9,512
10:16:27.9,512
10:16:27.9,515
10:16:27.9,525
10:16:27.9,533
10:16:27.9,522
10:16:27.9,514
10:16:27.9,512
10:16:27.9,512
10:16:27.9,512
10:16:27.9,512
10:16:27.9,512
10:16:27.9,512
10:16:27.9,512
10:16:28.1,512
10:16:28.1,513
10:16:28.1,513
10:16:28.1,513
10:16:28.1,512
10:16:28.1,512
10:16:28.1,511
10:16:28.1,512
10:16:28.1,512
10:16:28.1,512
10:16:28.1,512
10:16:28.1,512
10:16:28.1,512
10:16:28.1,512
10:16:28.1,512
10:16:28.1,512
10:16:28.1,512
10:16:28.1,512
10:16:28.1,512
10:16:28.1,512
10:16:28.1,511
10:16:28.1,512
10:16:28.1,512
10:16:28.1,512
10:16:28.1,512
10:16:28.1,512
10:16:28.1,512
10:16:28.1,512
10:16:28.3,512
10:16:28.3,512
10:16:28.3,512
10:16:28.3,512
10:16:28.3,512
10:16:28.3,512
10:16:28.3,512
10:16:28.3,511
10:16:28.3,512
10:16:28.3,512
10:16:28.3,512
10:16:28.3,512
10:16:28.3,512
10:16:28.3,512
10:16:28.3,512
10:16:28.3,512
10:16:28.3,512
10:16:28.4,512
10:16:28.4,512
10:16:28.4,512
10:16:28.4,512
10:16:28.4,512
10:16:28.4,511
10:16:28.4,511
10:16:28.4,511
10:16:28.4,511
10:16:28.4,512
10:16:28.4,513
10:16:28.4,512
10:16:28.4,512
10:16:28.4,512
10:16:28.4,512
10:16:28.4,512
10:16:28.4,512
10:16:28.4,513
10:16:28.4,512
10:16:28.4,512
10:16:28.5,513
10:16:28.5,512
10:16:28.5,512
10:16:28.5,512
10:16:28.5,512
10:16:28.5,512
10:16:28.5,512
10:16:28.5,512
10:16:28.5,512
10:16:28.5,512
10:16:28.5,512
10:16:28.5,512
10:16:28.5,512
10:16:28.5,512
10:16:28.5,512
10:16:28.5,512
10:16:28.5,512
10:16:28.5,512
10:16:28.5,512
10:16:28.5,511
10:16:28.5,510
10:16:28.6,509
10:16:28.6,510
10:16:28.6,511
10:16:28.6,511
10:16:28.6,512
10:16:28.6,514
10:16:28.6,523
10:16:28.6,533
10:16:28.6,523
10:16:28.6,516
10:16:28.6,512
10:16:28.6,512
10:16:28.6,512
10:16:28.6,512
10:16:28.6,512
10:16:28.6,511
10:16:28.6,511
10:16:28.6,512
10:16:28.6,512
10:16:28.6,512
10:16:28.6,513
10:16:28.6,513
10:16:28.6,512
10:16:28.6,513
10:16:28.6,512
10:16:28.6,512
10:16:28.6,512
10:16:28.6,512
10:16:28.6,512
10:16:28.6,512
10:16:28.6,512
10:16:28.6,512
10:16:28.6,512
10:16:28.6,512
10:16:28.6,512
10:16:28.6,512
10:16:28.6,512
10:16:28.6,512
10:16:28.6,512
10:16:28.6,511
10:16:28.6,512
10:16:28.6,512
10:16:28.6,512
10:16:28.6,512
10:16:28.6,512
10:16:28.6,512
10:16:28.6,512
10:16:28.6,512
10:16:28.6,512
10:16:28.6,512
10:16:28.6,512
10:16:28.6,513
10:16:28.6,512
10:16:28.6,512
10:16:28.6,512
10:16:28.6,512
10:16:28.6,512
10:16:28.6,512
10:16:28.6,512
10:16:28.6,512
10:16:28.6,512
10:16:28.6,512
10:16:28.6,512
10:16:28.6,512
10:16:28.6,512
10:16:28.6,512
10:16:28.6,512
10:16:28.6,512
10:16:28.6,512
10:16:28.6,511
10:16:28.6,511
10:16:28.6,512
10:16:28.6,512
10:16:28.6,512
10:16:28.6,511
10:16:28.6,512
10:16:29.0,512
10:16:29.0,512
10:16:29.0,512
10:16:29.0,512
10:16:29.0,512
10:16:29.0,512
10:16:29.0,512
10:16:29.0,512
10:16:29.0,512
10:16:29.0,512
10:16:29.0,512
10:16:29.0,512
10:16:29.0,512
10:16:29.0,512
10:16:29.0,512
10:16:29.0,512
10:16:29.0,512
10:16:29.0,512
10:16:29.0,513
10:16:29.0,512
10:16:29.0,512
10:16:29.0,512
10:16:29.0,512
10:16:29.0,512
10:16:29.0,511
10:16:29.0,510
10:16:29.0,509
10:16:29.0,509
10:16:29.0,511
10:16:29.0,512
10:16:29.0,512
10:16:29.0,516
10:16:29.0,528
10:16:29.0,532
10:16:29.0,520
10:16:29.0,514
10:16:29.0,512
10:16:29.0,512
10:16:29.0,512
10:16:29.0,512
10:16:29.2,512
10:16:29.2,512
10:16:29.2,512
10:16:29.2,513
10:16:29.2,512
10:16:29.2,512
10:16:29.2,513
10:16:29.2,512
10:16:29.2,512
10:16:29.2,512
10:16:29.2,512
10:16:29.2,512
10:16:29.2,512
10:16:29.2,512
10:16:29.2,512
10:16:29.2,512
10:16:29.2,512
10:16:29.2,512
10:16:29.2,512
10:16:29.2,512
10:16:29.2,512
10:16:29.2,512
10:16:29.3,511
10:16:29.3,513
10:16:29.3,512
10:16:29.3,512
10:16:29.3,512
10:16:29.3,512
10:16:29.3,512
10:16:29.3,512
10:16:29.3,512
10:16:29.3,512
10:16:29.3,512
10:16:29.3,512
10:16:29.3,512
10:16:29.3,512
10:16:29.3,512
10:16:29.3,512
10:16:29.3,512
10:16:29.3,512
10:16:29.3,512
10:16:29.3,512
10:16:29.3,512
10:16:29.3,512
10:16:29.3,512
10:16:29.3,512
10:16:29.3,512
10:16:29.3,512
10:16:29.3,512
10:16:29.3,512
10:16:29.3,512
10:16:29.3,512
10:16:29.3,511
10:16:29.3,511
10:16:29.3,511
10:16:29.3,512
10:16:29.3,512
10:16:29.3,512
10:16:29.3,512
10:16:29.3,511
10:16:29.3,512
10:16:29.3,512
10:16:29.3,513
10:16:29.3,512
10:16:29.3,513
10:16:29.5,513
10:16:29.5,512
10:16:29.5,512
10:16:29.5,512
10:16:29.5,512
10:16:29.5,512
10:16:29.5,511
10:16:29.5,512
10:16:29.5,512
10:16:29.5,512
10:16:29.5,512
10:16:29.5,512
10:16:29.5,512
10:16:29.5,512
10:16:29.5,512
10:16:29.5,512
10:16:29.5,512
10:16:29.6,511
10:16:29.6,511
10:16:29.6,510
10:16:29.6,509
10:16:29.6,510
10:16:29.6,511
10:16:29.6,512
10:16:29.6,513
10:16:29.6,517
10:16:29.6,531
10:16:29.6,529
10:16:29.6,518
10:16:29.6,513
10:16:29.6,512
10:16:29.6,511
10:16:29.6,512
10:16:29.6,512
10:16:29.6,512
10:16:29.6,512
10:16:29.6,512
10:16:29.6,512
10:16:29.6,512
10:16:29.6,512
10:16:29.6,512
10:16:29.6,512
10:16:29.6,513
10:16:29.6,512
10:16:29.6,512
10:16:29.6,512
10:16:29.6,512
10:16:29.8,512
10:16:29.8,512
10:16:29.8,512
10:16:29.8,512
10:16:29.8,512
10:16:29.8,512
10:16:29.8,512
10:16:29.8,513
10:16:29.8,512
10:16:29.8,512
10:16:29.8,512
10:16:29.8,512
10:16:29.8,512
10:16:29.8,512
10:16:29.8,512
10:16:29.8,512
10:16:29.8,512
10:16:29.8,512
10:16:29.8,512
10:16:29.8,512
10:16:29.8,512
10:16:29.8,512
10:16:29.8,512
10:16:29.8,512
10:16:29.8,512
10:16:29.8,512
10:16:29.8,512
10:16:29.8,512
10:16:29.8,512
10:16:29.8,512
10:16:29.8,512
10:16:29.8,512
10:16:29.8,512
10:16:29.8,512
10:16:29.8,512
10:16:29.8,512
10:16:29.8,512
10:16:29.8,511
10:16:29.8,511
10:16:29.8,512
10:16:29.8,511
10:16:29.8,511
10:16:29.8,511
10:16:29.8,512
10:16:29.8,512
10:16:29.8,512
10:16:30.0,512
10:16:30.0,512
10:16:30.0,512
10:16:30.0,512
10:16:30.0,512
10:16:30.0,512
10:16:30.0,512
10:16:30.0,512
10:16:30.0,512
10:16:30.0,512
10:16:30.0,512
10:16:30.0,512
10:16:30.0,512
10:16:30.0,511
10:16:30.0,512
10:16:30.0,512
10:16:30.0,512
10:16:30.0,512
10:16:30.0,513
10:16:30.1,512
10:16:30.1,512
10:16:30.1,512
10:16:30.1,512
10:16:30.1,512
10:16:30.1,511
10:16:30.1,510
10:16:30.1,509
10:16:30.1,510
10:16:30.1,511
10:16:30.1,512
10:16:30.1,515
10:16:30.1,525
10:16:30.1,533
10:16:30.1,520
10:16:30.1,514
10:16:30.1,512
10:16:30.1,512
10:16:30.1,512
10:16:30.1,512
10:16:30.1,512
10:16:30.1,512
10:16:30.1,512
10:16:30.1,512
10:16:30.1,512
10:16:30.1,512
10:16:30.1,512
10:16:30.1,512
10:16:30.1,512
10:16:30.2,511
10:16:30.2,512
10:16:30.2,512
10:16:30.2,512
10:16:30.2,512
10:16:30.2,511
10:16:30.2,512
10:16:30.2,512
10:16:30.2,512
10:16:30.2,512
10:16:30.2,512
10:16:30.2,512
10:16:30.2,512
10:16:30.2,512
10:16:30.2,512
10:16:30.2,512
10:16:30.2,512
10:16:30.2,512
10:16:30.2,512
10:16:30.2,511
10:16:30.2,512
10:16:30.2,512
10:16:30.2,512
10:16:30.2,513
10:16:30.2,512
10:16:30.2,512
10:16:30.2,512
10:16:30.2,512
10:16:30.2,512
10:16:30.2,513
10:16:30.2,512
10:16:30.2,512
10:16:30.2,512
10:16:30.2,512
10:16:30.2,512
10:16:30.2,512
10:16:30.2,513
10:16:30.2,512
10:16:30.2,512
10:16:30.2,512
10:16:30.2,512
10:16:30.2,511
10:16:30.2,511
10:16:30.2,511
10:16:30.2,512
10:16:30.2,512
10:16:30.2,512
10:16:30.2,512
10:16:30.2,512
10:16:30.2,512
10:16:30.2,512
10:16:30.2,512
10:16:30.2,512
10:16:30.2,512
10:16:30.2,512
10:16:30.2,512
10:16:30.2,512
10:16:30.2,512
10:16:30.2,512
10:16:30.2,512
10:16:30.2,512
10:16:30.2,512
10:16:30.2,512
10:16:30.2,512
10:16:30.2,512
10:16:30.2,513
10:16:30.2,512
10:16:30.2,512
10:16:30.2,511
10:16:30.2,511
10:16:30.2,511
10:16:30.2,510
10:16:30.2,509
10:16:30.2,509
10:16:30.2,511
10:16:30.2,512
10:16:30.2,513
10:16:30.2,519
10:16:30.2,533
10:16:30.2,524
10:16:30.2,515
10:16:30.2,512
10:16:30.2,512
10:16:30.2,512
10:16:30.2,512
10:16:30.2,512
10:16:30.2,512
10:16:30.2,512
10:16:30.2,512
10:16:30.2,512
10:16:30.2,512
10:16:30.2,512
10:16:30.2,513
10:16:30.2,512
10:16:30.2,512
10:16:30.2,512
10:16:30.2,512
10:16:30.2,512
10:16:30.2,512
10:16:30.2,512
10:16:30.2,512
10:16:30.2,512
10:16:30.9,511
10:16:30.9,512
10:16:30.9,512
10:16:30.9,512
10:16:30.9,512
10:16:30.9,512
10:16:30.9,512
10:16:30.9,511
10:16:30.9,512
10:16:30.9,512
10:16:30.9,512
10:16:30.9,512
10:16:30.9,512
10:16:30.9,512
10:16:30.9,512
10:16:30.9,512
10:16:30.9,512
10:16:30.9,512
10:16:30.9,512
10:16:30.9,512
10:16:30.9,512
10:16:30.9,512
10:16:30.9,512
10:16:30.9,512
10:16:30.9,512
10:16:30.9,512
10:16:30.9,512
10:16:30.9,512
10:16:30.9,512
10:16:30.9,512
10:16:30.9,512
10:16:30.9,512
10:16:30.9,511
10:16:30.9,512
10:16:30.9,511
10:16:30.9,512
10:16:30.9,512
10:16:30.9,513
10:16:30.9,512
10:16:30.9,512
10:16:30.9,512
10:16:31.0,512
10:16:31.0,512
10:16:31.0,512
10:16:31.0,513
10:16:31.0,512
10:16:31.0,512
10:16:31.0,512
10:16:31.0,513
10:16:31.0,512
10:16:31.0,512
10:16:31.0,512
10:16:31.0,511
10:16:31.0,512
10:16:31.0,512
10:16:31.0,513
10:16:31.0,512
10:16:31.0,512
10:16:31.0,512
10:16:31.0,512
10:16:31.0,512
10:16:31.0,511
10:16:31.0,510
10:16:31.0,509
10:16:31.0,510
10:16:31.0,511
10:16:31.0,512
10:16:31.0,513
10:16:31.0,519
10:16:31.0,533
10:16:31.0,527
10:16:31.0,516
10:16:31.0,512
10:16:31.0,512
10:16:31.0,512
10:16:31.0,512
10:16:31.0,512
10:16:31.0,512
10:16:31.0,512
10:16:31.0,512
10:16:31.0,512
10:16:31.0,513
10:16:31.0,512
10:16:31.0,512
10:16:31.0,512
10:16:31.0,512
10:16:31.0,512
10:16:31.0,512
10:16:31.0,512
10:16:31.0,512
10:16:31.0,512
10:16:31.0,512
10:16:31.0,512
10:16:31.0,512
10:16:31.3,512
10:16:31.3,512
10:16:31.3,512
10:16:31.3,512
10:16:31.3,512
10:16:31.3,512
10:16:31.3,512
10:16:31.3,512
10:16:31.3,512
10:16:31.3,512
10:16:31.3,512
10:16:31.3,512
10:16:31.4,512
10:16:31.4,512
10:16:31.4,512
10:16:31.4,512
10:16:31.4,512
10:16:31.4,512
10:16:31.4,512
10:16:31.4,512
10:16:31.4,512
10:16:31.4,512
10:16:31.4,512
10:16:31.4,512
10:16:31.4,512
10:16:31.4,511
10:16:31.4,512
10:16:31.4,512
10:16:31.4,512
10:16:31.4,512
10:16:31.4,512
10:16:31.4,511
10:16:31.4,511
10:16:31.4,511
10:16:31.4,512
10:16:31.4,512
10:16:31.4,512
10:16:31.4,512
10:16:31.4,512
10:16:31.4,512
10:16:31.4,512
10:16:31.4,513
10:16:31.4,512
10:16:31.5,512
10:16:31.5,513
10:16:31.5,512
10:16:31.5,512
10:16:31.5,513
10:16:31.5,512
10:16:31.5,512
10:16:31.5,512
10:16:31.5,512
10:16:31.5,512
10:16:31.5,512
10:16:31.5,512
10:16:31.5,512
10:16:31.5,512
10:16:31.5,512
10:16:31.5,512
10:16:31.5,512
10:16:31.5,511
10:16:31.5,511
10:16:31.5,510
10:16:31.5,509
10:16:31.5,510
10:16:31.6,512
10:16:31.6,512
10:16:31.6,514
10:16:31.6,524
10:16:31.6,533
10:16:31.6,521
10:16:31.6,514
10:16:31.6,512
10:16:31.6,512
10:16:31.6,512
10:16:31.6,511
10:16:31.6,512
10:16:31.6,512
10:16:31.6,512
10:16:31.6,512
10:16:31.6,512
10:16:31.6,512
10:16:31.6,512
10:16:31.6,513
10:16:31.6,512
10:16:31.6,512
10:16:31.6,512
10:16:31.6,513
10:16:31.6,512
10:16:31.6,512
10:16:31.6,512
10:16:31.6,512
10:16:31.6,512
10:16:31.6,512
10:16:31.6,513
10:16:31.6,512
10:16:31.6,513
10:16:31.6,511
10:16:31.6,512
10:16:31.6,512
10:16:31.6,512
10:16:31.6,512
10:16:31.6,512
10:16:31.6,512
10:16:31.6,512
10:16:31.6,512
10:16:31.6,512
10:16:31.8,512
10:16:31.8,512
10:16:31.8,512
10:16:31.8,512
10:16:31.8,512
10:16:31.8,512
10:16:31.8,512
10:16:31.8,512
10:16:31.8,512
10:16:31.8,512
10:16:31.8,512
10:16:31.8,512
10:16:31.8,512
10:16:31.8,512
10:16:31.8,512
10:16:31.8,512
10:16:31.8,512
10:16:31.8,512
10:16:31.8,512
10:16:31.8,512
10:16:31.8,511
10:16:31.8,511
10:16:31.8,512
10:16:31.8,512
10:16:31.8,512
10:16:31.8,512
10:16:31.8,512
10:16:31.8,511
10:16:32.0,512
10:16:32.0,512
10:16:32.0,512
10:16:32.0,512
10:16:32.0,512
10:16:32.0,512
10:16:32.0,512
10:16:32.0,512
10:16:32.0,512
10:16:32.0,512
10:16:32.0,512
10:16:32.0,512
10:16:32.0,512
10:16:32.0,512
10:16:32.0,512
10:16:32.0,512
10:16:32.0,512
10:16:32.0,512
10:16:32.0,512
10:16:32.0,511
10:16:32.0,511
10:16:32.0,510
10:16:32.0,509
10:16:32.0,509
10:16:32.0,510
10:16:32.0,512
10:16:32.0,514
10:16:32.1,522
10:16:32.1,534
10:16:32.1,527
10:16:32.1,515
10:16:32.1,512
10:16:32.1,512
10:16:32.1,512
10:16:32.1,511
10:16:32.1,512
10:16:32.1,512
10:16:32.1,512
10:16:32.1,511
10:16:32.1,512
10:16:32.1,513
10:16:32.1,513
10:16:32.1,512
10:16:32.1,512
10:16:32.1,512
10:16:32.1,512
10:16:32.1,512
10:16:32.1,512
10:16:32.1,512
10:16:32.1,512
10:16:32.1,512
10:16:32.1,512
10:16:32.1,512
10:16:32.1,512
10:16:32.1,512
10:16:32.1,512
10:16:32.1,512
10:16:32.1,512
10:16:32.1,512
10:16:32.1,512
10:16:32.1,512
10:16:32.1,512
10:16:32.1,512
10:16:32.1,512
10:16:32.1,512
10:16:32.1,512
10:16:32.1,512
10:16:32.1,512
10:16:32.1,512
10:16:32.1,512
10:16:32.1,512
10:16:32.1,512
10:16:32.1,512
10:16:32.1,512
10:16:32.1,512
10:16:32.1,512
10:16:32.1,512
10:16:32.1,513
10:16:32.1,512
10:16:32.1,512
10:16:32.1,512
10:16:32.1,512
10:16:32.1,512
10:16:32.1,512
10:16:32.1,512
10:16:32.1,512
10:16:32.1,512
10:16:32.1,511
10:16:32.1,511
10:16:32.1,512
10:16:32.1,512
10:16:32.1,512
10:16:32.1,512
10:16:32.1,512
10:16:32.1,512
10:16:32.1,512
10:16:32.1,512
10:16:32.1,512
10:16:32.1,512
10:16:32.1,512
10:16:32.1,512
10:16:32.1,512
10:16:32.5,512
10:16:32.5,512
10:16:32.5,512
10:16:32.5,512
10:16:32.5,512
10:16:32.5,512
10:16:32.5,512
10:16:32.5,512
10:16:32.5,512
10:16:32.5,512
10:16:32.6,512
10:16:32.6,513
10:16:32.6,513
10:16:32.6,513
10:16:32.6,513
10:16:32.6,510
10:16:32.6,509
10:16:32.6,510
10:16:32.6,512
10:16:32.6,520
10:16:32.6,534
10:16:32.6,522
10:16:32.6,513
10:16:32.6,511
10:16:32.6,511
10:16:32.6,511
10:16:32.6,511
10:16:32.6,512
10:16:32.6,512
10:16:32.6,512
10:16:32.6,512
10:16:32.6,513
10:16:32.6,512
10:16:32.6,512
10:16:32.6,513
10:16:32.6,512
10:16:32.6,512
10:16:32.6,512
10:16:32.6,512
10:16:32.6,512
10:16:32.6,512
10:16:32.6,512
10:16:32.6,512
10:16:32.6,512
10:16:32.6,512
10:16:32.6,512
10:16:32.6,512
10:16:32.6,512
10:16:32.6,512
10:16:32.6,512
10:16:32.6,512
10:16:32.6,512
10:16:32.6,512
10:16:32.6,512
10:16:32.6,512
10:16:32.6,512
10:16:32.6,512
10:16:32.6,513
10:16:32.6,512
10:16:32.6,512
10:16:32.6,512
10:16:32.6,511
10:16:32.6,512
10:16:32.6,512
10:16:32.6,512
10:16:32.6,512
10:16:32.6,512
10:16:32.6,512
10:16:32.6,512
10:16:32.6,512
10:16:32.6,511
10:16:32.6,512
10:16:32.6,512
10:16:32.6,512
10:16:32.6,511
10:16:32.6,511
10:16:32.6,512
10:16:32.6,512
10:16:32.6,512
10:16:32.6,513
10:16:32.6,512
10:16:32.6,512
10:16:32.6,512
10:16:32.6,512
10:16:32.6,512
10:16:32.6,513
10:16:32.6,512
10:16:32.6,512
10:16:32.6,512
10:16:32.6,512
10:16:32.6,512
10:16:32.6,513
10:16:32.6,512
10:16:32.6,512
10:16:32.6,512
10:16:32.6,512
10:16:32.6,512
10:16:32.6,513
10:16:32.6,512
10:16:32.6,513
10:16:32.6,512
10:16:32.6,513
10:16:32.6,513
10:16:32.6,513
10:16:32.6,512
10:16:32.6,509
10:16:32.6,509
10:16:32.6,510
10:16:32.6,513
10:16:32.6,525
10:16:32.6,534
10:16:32.6,519
10:16:32.6,513
10:16:32.6,512
10:16:32.6,512
10:16:32.6,512
10:16:32.6,512
10:16:32.6,512
10:16:32.6,512
10:16:32.6,512
10:16:32.6,513
10:16:32.6,512
10:16:32.6,512
10:16:33.1,512
10:16:33.1,512
10:16:33.1,512
10:16:33.1,512
10:16:33.1,512
10:16:33.1,512
10:16:33.1,512
10:16:33.1,512
10:16:33.1,512
10:16:33.2,512
10:16:33.2,512
10:16:33.2,512
10:16:33.2,513
10:16:33.2,512
10:16:33.2,512
10:16:33.2,512
10:16:33.2,512
10:16:33.2,512
10:16:33.2,512
10:16:33.2,512
10:16:33.3,512
10:16:33.3,512
10:16:33.3,513
10:16:33.3,512
10:16:33.3,512
10:16:33.3,512
10:16:33.3,512
10:16:33.3,512
10:16:33.3,512
10:16:33.3,512
10:16:33.3,512
10:16:33.3,512
10:16:33.3,512
10:16:33.3,512
10:16:33.3,512
10:16:33.3,512
10:16:33.3,512
10:16:33.3,512
10:16:33.3,512
10:16:33.3,512
10:16:33.3,512
10:16:33.3,510
10:16:33.3,511
10:16:33.3,512
10:16:33.3,512
10:16:33.3,512
10:16:33.3,512
10:16:33.3,512
10:16:33.3,512
10:16:33.3,512
10:16:33.3,512
10:16:33.3,512
10:16:33.3,512
10:16:33.3,512
10:16:33.3,512
10:16:33.3,512
10:16:33.3,512
10:16:33.3,512
10:16:33.3,511
10:16:33.5,512
10:16:33.5,512
10:16:33.5,512
10:16:33.5,512
10:16:33.5,512
10:16:33.5,513
10:16:33.5,512
10:16:33.5,512
10:16:33.5,513
10:16:33.5,512
10:16:33.5,511
10:16:33.5,509
10:16:33.5,510
10:16:33.5,513
